source,client,instance,idx,dt_ns
frame,inst0,0,0,110747400
frame,inst0,0,1,29805800
frame,inst0,0,2,26674900
frame,inst0,0,3,29649200
frame,inst0,0,4,27057900
frame,inst0,0,5,28462400
frame,inst0,0,6,25534900
frame,inst0,0,7,29259900
frame,inst0,0,8,26472100
frame,inst0,0,9,27460400
frame,inst0,0,10,27956900
frame,inst0,0,11,29339900
frame,inst0,0,12,27049600
frame,inst0,0,13,25434700
frame,inst0,0,14,26339500
frame,inst0,0,15,24575800
frame,inst0,0,16,30139400
frame,inst0,0,17,26505400
frame,inst0,0,18,28957800
frame,inst0,0,19,29510100
frame,inst0,0,20,30630900
frame,inst0,0,21,28344800
frame,inst0,0,22,28576700
frame,inst0,0,23,27222000
frame,inst0,0,24,32469900
frame,inst0,0,25,27075700
frame,inst0,0,26,37830800
frame,inst0,0,27,31042200
frame,inst0,0,28,28455200
frame,inst0,0,29,26211900
frame,inst0,0,30,32202700
frame,inst0,0,31,25502100
frame,inst0,0,32,27004400
frame,inst0,0,33,28071600
frame,inst0,0,34,27389300
frame,inst0,0,35,27501400
frame,inst0,0,36,28374800
frame,inst0,0,37,29968800
frame,inst0,0,38,34290500
frame,inst0,0,39,26047800
frame,inst0,0,40,26265400
frame,inst0,0,41,27847700
frame,inst0,0,42,27183800
frame,inst0,0,43,27658200
frame,inst0,0,44,25746500
frame,inst0,0,45,30298100
frame,inst0,0,46,25866100
frame,inst0,0,47,26920500
frame,inst0,0,48,26565400
frame,inst0,0,49,27157800
frame,inst0,0,50,24484900
frame,inst0,0,51,28293900
frame,inst0,0,52,31396800
frame,inst0,0,53,34999000
frame,inst0,0,54,26591300
frame,inst0,0,55,29132600
frame,inst0,0,56,28176200
frame,inst0,0,57,28226300
frame,inst0,0,58,26440400
frame,inst0,0,59,30966600
frame,inst0,0,60,25613300
frame,inst0,0,61,24979100
frame,inst0,0,62,29106000
frame,inst0,0,63,25940100
frame,inst0,0,64,29177600
frame,inst0,0,65,25764000
frame,inst0,0,66,25575200
frame,inst0,0,67,26159500
frame,inst0,0,68,33655100
frame,inst0,0,69,26151900
frame,inst0,0,70,26342900
frame,inst0,0,71,30617500
frame,inst0,0,72,26827300
frame,inst0,0,73,25122100
frame,inst0,0,74,26744100
frame,inst0,0,75,33438700
frame,inst0,0,76,31307900
frame,inst0,0,77,27563400
frame,inst0,0,78,27935900
frame,inst0,0,79,30542500
frame,inst0,0,80,30113400
frame,inst0,0,81,25113900
frame,inst0,0,82,34510100
frame,inst0,0,83,26388900
frame,inst0,0,84,26477500
frame,inst0,0,85,31994200
frame,inst0,0,86,29133100
frame,inst0,0,87,27752200
frame,inst0,0,88,27347800
frame,inst0,0,89,25656800
frame,inst0,0,90,27377000
frame,inst0,0,91,31859800
frame,inst0,0,92,28005000
frame,inst0,0,93,32247200
frame,inst0,0,94,27951000
frame,inst0,0,95,24562800
frame,inst0,0,96,28235600
frame,inst0,0,97,30040000
frame,inst0,0,98,26445200
frame,inst0,0,99,24714600
frame,inst0,0,100,25481800
frame,inst0,0,101,24474800
frame,inst0,0,102,24696900
frame,inst0,0,103,28203900
frame,inst0,0,104,28151200
frame,inst0,0,105,26645900
frame,inst0,0,106,25431500
frame,inst0,0,107,25085100
frame,inst0,0,108,29202500
frame,inst0,0,109,32192500
frame,inst0,0,110,22861000
frame,inst0,0,111,23063900
frame,inst0,0,112,23557200
frame,inst0,0,113,24147500
frame,inst0,0,114,26399500
frame,inst0,0,115,25092100
frame,inst0,0,116,24228900
frame,inst0,0,117,21984800
frame,inst0,0,118,26818500
frame,inst0,0,119,27061400
frame,inst0,0,120,25085900
frame,inst0,0,121,21816500
frame,inst0,0,122,24053500
frame,inst0,0,123,25535800
frame,inst0,0,124,26471100
frame,inst0,0,125,25215600
frame,inst0,0,126,26842800
frame,inst0,0,127,29118600
frame,inst0,0,128,24001500
frame,inst0,0,129,27873100
frame,inst0,0,130,24706200
frame,inst0,0,131,26638300
frame,inst0,0,132,28180500
frame,inst0,0,133,26691500
frame,inst0,0,134,26307200
frame,inst0,0,135,27658800
frame,inst0,0,136,26613800
frame,inst0,0,137,24606900
frame,inst0,0,138,27495200
frame,inst0,0,139,28026100
frame,inst0,0,140,25750600
frame,inst0,0,141,27244000
frame,inst0,0,142,26594500
frame,inst0,0,143,25407300
frame,inst0,0,144,23609400
frame,inst0,0,145,22522600
frame,inst0,0,146,24682900
frame,inst0,0,147,27315700
frame,inst0,0,148,25886700
frame,inst0,0,149,24249600
frame,inst0,0,150,23948100
frame,inst0,0,151,28572900
frame,inst0,0,152,31310600
frame,inst0,0,153,25811700
frame,inst0,0,154,29935400
frame,inst0,0,155,30101700
frame,inst0,0,156,24894600
frame,inst0,0,157,29355300
frame,inst0,0,158,25269700
frame,inst0,0,159,24037300
frame,inst0,0,160,31056100
frame,inst0,0,161,30197300
frame,inst0,0,162,23985300
frame,inst0,0,163,26653900
frame,inst0,0,164,26294100
frame,inst0,0,165,23218200
frame,inst0,0,166,21987900
frame,inst0,0,167,24212600
frame,inst0,0,168,24853100
frame,inst0,0,169,23768500
frame,inst0,0,170,27304500
frame,inst0,0,171,22809000
frame,inst0,0,172,25448600
frame,inst0,0,173,27176000
frame,inst0,0,174,27393800
frame,inst0,0,175,25418200
frame,inst0,0,176,23793600
frame,inst0,0,177,24989500
frame,inst0,0,178,23323600
frame,inst0,0,179,26879100
frame,inst0,0,180,25182500
frame,inst0,0,181,25196700
frame,inst0,0,182,28170900
frame,inst0,0,183,24502100
frame,inst0,0,184,27018300
frame,inst0,0,185,22005200
frame,inst0,0,186,24726700
frame,inst0,0,187,29248400
frame,inst0,0,188,27245000
frame,inst0,0,189,25738900
frame,inst0,0,190,23366600
frame,inst0,0,191,24234700
frame,inst0,0,192,25895600
frame,inst0,0,193,27125100
frame,inst0,0,194,21846300
frame,inst0,0,195,25908600
frame,inst0,0,196,29532000
frame,inst0,0,197,23906800
frame,inst0,0,198,22237100
frame,inst0,0,199,22837900
frame,inst0,0,200,30322700
frame,inst0,0,201,25802200
frame,inst0,0,202,23609800
frame,inst0,0,203,24150700
frame,inst0,0,204,22919600
frame,inst0,0,205,24458300
frame,inst0,0,206,27803200
frame,inst0,0,207,22716700
frame,inst0,0,208,24078600
frame,inst0,0,209,22633200
frame,inst0,0,210,28728100
frame,inst0,0,211,26060200
frame,inst0,0,212,24266100
frame,inst0,0,213,26451600
frame,inst0,0,214,27206500
frame,inst0,0,215,26915900
frame,inst0,0,216,26196300
frame,inst0,0,217,23608900
frame,inst0,0,218,26497400
frame,inst0,0,219,24926800
frame,inst0,0,220,48534300
frame,inst0,0,221,28082200
frame,inst0,0,222,31804400
frame,inst0,0,223,26635300
frame,inst0,0,224,27160900
frame,inst0,0,225,26857000
frame,inst0,0,226,24447100
frame,inst0,0,227,25897300
frame,inst0,0,228,23578400
frame,inst0,0,229,25398300
frame,inst0,0,230,25604600
frame,inst0,0,231,21987200
frame,inst0,0,232,24486100
frame,inst0,0,233,25057300
frame,inst0,0,234,20774200
frame,inst0,0,235,24539400
frame,inst0,0,236,26737300
frame,inst0,0,237,24443300
frame,inst0,0,238,27170900
frame,inst0,0,239,27732500
frame,inst0,0,240,24208900
frame,inst0,0,241,24455900
frame,inst0,0,242,27782000
frame,inst0,0,243,25762000
frame,inst0,0,244,22555900
frame,inst0,0,245,26401900
frame,inst0,0,246,26113900
frame,inst0,0,247,24689700
frame,inst0,0,248,27064600
frame,inst0,0,249,28027100
frame,inst0,0,250,26241200
frame,inst0,0,251,23748500
frame,inst0,0,252,24187600
frame,inst0,0,253,23750300
frame,inst0,0,254,27512500
frame,inst0,0,255,23826100
frame,inst0,0,256,24435400
frame,inst0,0,257,25223600
frame,inst0,0,258,22180600
frame,inst0,0,259,24925700
frame,inst0,0,260,28783900
frame,inst0,0,261,23959000
frame,inst0,0,262,22615900
frame,inst0,0,263,26113900
frame,inst0,0,264,27418900
frame,inst0,0,265,21576400
frame,inst0,0,266,22442300
frame,inst0,0,267,24110200
frame,inst0,0,268,26175600
frame,inst0,0,269,26158700
frame,inst0,0,270,24757300
frame,inst0,0,271,23976800
frame,inst0,0,272,25171200
frame,inst0,0,273,26509100
frame,inst0,0,274,26098100
frame,inst0,0,275,26076700
frame,inst0,0,276,25354300
frame,inst0,0,277,23841500
frame,inst0,0,278,22877100
frame,inst0,0,279,24937000
frame,inst0,0,280,26420100
frame,inst0,0,281,26852300
frame,inst0,0,282,28981900
frame,inst0,0,283,23687700
frame,inst0,0,284,27440500
frame,inst0,0,285,24406800
frame,inst0,0,286,24708000
frame,inst0,0,287,23459500
frame,inst0,0,288,26358400
frame,inst0,0,289,26186600
frame,inst0,0,290,23335100
frame,inst0,0,291,29285400
frame,inst0,0,292,24528000
frame,inst0,0,293,23929000
frame,inst0,0,294,27578300
frame,inst0,0,295,25759400
frame,inst0,0,296,23529600
frame,inst0,0,297,26695400
frame,inst0,0,298,25381800
frame,inst0,0,299,25426700
frame,inst0,0,300,22751900
frame,inst0,0,301,23425700
frame,inst0,0,302,24438600
frame,inst0,0,303,24183400
frame,inst0,0,304,26000600
frame,inst0,0,305,25760200
frame,inst0,0,306,24963400
frame,inst0,0,307,24812000
frame,inst0,0,308,23716200
frame,inst0,0,309,24772000
frame,inst0,0,310,26501700
frame,inst0,0,311,23330800
frame,inst0,0,312,25245000
frame,inst0,0,313,25904300
frame,inst0,0,314,23766200
frame,inst0,0,315,23164600
frame,inst0,0,316,24617500
frame,inst0,0,317,24721400
frame,inst0,0,318,28346800
frame,inst0,0,319,25645000
frame,inst0,0,320,22391300
frame,inst0,0,321,27629900
frame,inst0,0,322,28045900
frame,inst0,0,323,24550800
frame,inst0,0,324,25758100
frame,inst0,0,325,25090500
frame,inst0,0,326,23049900
frame,inst0,0,327,23626200
frame,inst0,0,328,23618300
frame,inst0,0,329,25511200
frame,inst0,0,330,24732200
frame,inst0,0,331,26075900
frame,inst0,0,332,27644900
frame,inst0,0,333,25927500
frame,inst0,0,334,24941100
frame,inst0,0,335,23923800
frame,inst0,0,336,23109100
frame,inst0,0,337,23251000
frame,inst0,0,338,25040300
frame,inst0,0,339,23129000
frame,inst0,0,340,25619800
frame,inst0,0,341,25132800
frame,inst0,0,342,25086600
frame,inst0,0,343,25981100
frame,inst0,0,344,30534600
frame,inst0,0,345,23345700
frame,inst0,0,346,22653900
frame,inst0,0,347,24516000
frame,inst0,0,348,25477900
frame,inst0,0,349,26386000
frame,inst0,0,350,25795700
frame,inst0,0,351,25803900
frame,inst0,0,352,24413600
frame,inst0,0,353,23991500
frame,inst0,0,354,25856400
frame,inst0,0,355,22658500
frame,inst0,0,356,25024000
frame,inst0,0,357,24026900
frame,inst0,0,358,27858100
frame,inst0,0,359,26286800
frame,inst0,0,360,24176200
frame,inst0,0,361,26188500
frame,inst0,0,362,25706700
frame,inst0,0,363,28122800
frame,inst0,0,364,29668600
frame,inst0,0,365,25958700
frame,inst0,0,366,24087400
frame,inst0,0,367,24389400
frame,inst0,0,368,26145300
frame,inst0,0,369,25716900
frame,inst0,0,370,22124900
frame,inst0,0,371,25551700
frame,inst0,0,372,24421500
frame,inst0,0,373,23551200
frame,inst0,0,374,31965700
frame,inst0,0,375,25052400
frame,inst0,0,376,23727800
frame,inst0,0,377,30554300
frame,inst0,0,378,31081500
frame,inst0,0,379,24401700
frame,inst0,0,380,25892600
frame,inst0,0,381,28071100
frame,inst0,0,382,25945600
frame,inst0,0,383,29049700
frame,inst0,0,384,26387600
frame,inst0,0,385,21119800
frame,inst0,0,386,23955400
frame,inst0,0,387,29283300
frame,inst0,0,388,23889300
frame,inst0,0,389,21511500
frame,inst0,0,390,26361800
frame,inst0,0,391,26924700
frame,inst0,0,392,26629800
frame,inst0,0,393,26324400
frame,inst0,0,394,24663100
frame,inst0,0,395,25026900
frame,inst0,0,396,22153200
frame,inst0,0,397,32233500
frame,inst0,0,398,26459700
frame,inst0,0,399,23306000
frame,inst0,0,400,32020900
frame,inst0,0,401,29458500
frame,inst0,0,402,30861800
frame,inst0,0,403,29319200
frame,inst0,0,404,27155600
frame,inst0,0,405,25495900
frame,inst0,0,406,29734200
frame,inst0,0,407,24000000
frame,inst0,0,408,22729400
frame,inst0,0,409,27097300
frame,inst0,0,410,26051800
frame,inst0,0,411,26563300
frame,inst0,0,412,26789700
frame,inst0,0,413,23613100
frame,inst0,0,414,29090600
frame,inst0,0,415,27952500
frame,inst0,0,416,23063800
frame,inst0,0,417,24487800
frame,inst0,0,418,33704600
frame,inst0,0,419,29800700
frame,inst0,0,420,33728200
frame,inst0,0,421,28941500
frame,inst0,0,422,28611200
frame,inst0,0,423,25584600
frame,inst0,0,424,32991300
frame,inst0,0,425,26307100
frame,inst0,0,426,25132400
frame,inst0,0,427,28785500
frame,inst0,0,428,27380200
frame,inst0,0,429,28213900
frame,inst0,0,430,24336000
frame,inst0,0,431,26458100
frame,inst0,0,432,33020500
frame,inst0,0,433,28193800
frame,inst0,0,434,23123400
frame,inst0,0,435,27390000
frame,inst0,0,436,28578300
frame,inst0,0,437,26885500
frame,inst0,0,438,27698500
frame,inst0,0,439,26766200
frame,inst0,0,440,25850000
frame,inst0,0,441,26123400
frame,inst0,0,442,32423500
frame,inst0,0,443,29476500
frame,inst0,0,444,25570700
frame,inst0,0,445,27406000
frame,inst0,0,446,35193800
frame,inst0,0,447,24464700
frame,inst0,0,448,27909900
frame,inst0,0,449,25374100
frame,inst0,0,450,26341400
frame,inst0,0,451,25547700
frame,inst0,0,452,27982600
frame,inst0,0,453,25283200
frame,inst0,0,454,24123300
frame,inst0,0,455,26827100
frame,inst0,0,456,24973600
frame,inst0,0,457,29589000
frame,inst0,0,458,24752400
frame,inst0,0,459,27760400
frame,inst0,0,460,29350500
frame,inst0,0,461,29847900
frame,inst0,0,462,26711800
frame,inst0,0,463,25240000
frame,inst0,0,464,31832100
frame,inst0,0,465,24086200
frame,inst0,0,466,26298900
frame,inst0,0,467,28015600
frame,inst0,0,468,32870300
frame,inst0,0,469,27434300
frame,inst0,0,470,31633200
frame,inst0,0,471,29630200
frame,inst0,0,472,29819000
frame,inst0,0,473,26674300
frame,inst0,0,474,24795900
frame,inst0,0,475,29231200
frame,inst0,0,476,31979000
frame,inst0,0,477,30015300
frame,inst0,0,478,30647600
frame,inst0,0,479,27910500
frame,inst0,0,480,27025200
frame,inst0,0,481,28453600
frame,inst0,0,482,25632900
frame,inst0,0,483,33137100
frame,inst0,0,484,30176800
frame,inst0,0,485,30349600
frame,inst0,0,486,25847300
frame,inst0,0,487,33262300
frame,inst0,0,488,34580500
frame,inst0,0,489,30922700
frame,inst0,0,490,33055100
frame,inst0,0,491,31040800
frame,inst0,0,492,34028900
frame,inst0,0,493,30513900
frame,inst0,0,494,29461200
frame,inst0,0,495,34489600
frame,inst0,0,496,31954300
frame,inst0,0,497,37187800
frame,inst0,0,498,33715900
frame,inst0,0,499,30547800
frame,inst0,0,500,29814200
frame,inst0,0,501,34095500
frame,inst0,0,502,33298200
frame,inst0,0,503,31402200
frame,inst0,0,504,30407700
frame,inst0,0,505,34380200
frame,inst0,0,506,30619000
frame,inst0,0,507,32559600
frame,inst0,0,508,29172900
frame,inst0,0,509,31577200
frame,inst0,0,510,32227800
frame,inst0,0,511,32446300
frame,inst0,0,512,32639300
frame,inst0,0,513,35276900
frame,inst0,0,514,32387900
frame,inst0,0,515,30169500
frame,inst0,0,516,31460700
frame,inst0,0,517,29738600
frame,inst0,0,518,32994300
frame,inst0,0,519,28558300
frame,inst0,0,520,31945800
frame,inst0,0,521,33629200
frame,inst0,0,522,30415500
frame,inst0,0,523,28870800
frame,inst0,0,524,25758800
frame,inst0,0,525,32116400
frame,inst0,0,526,29396900
frame,inst0,0,527,30942800
frame,inst0,0,528,34430200
frame,inst0,0,529,24490800
frame,inst0,0,530,30061900
frame,inst0,0,531,31621300
frame,inst0,0,532,32448900
frame,inst0,0,533,29786700
frame,inst0,0,534,28460900
frame,inst0,0,535,31805300
frame,inst0,0,536,29726700
frame,inst0,0,537,29032800
frame,inst0,0,538,28492400
frame,inst0,0,539,33651400
frame,inst0,0,540,30579600
frame,inst0,0,541,26040700
frame,inst0,0,542,26830800
frame,inst0,0,543,32198100
frame,inst0,0,544,29534100
frame,inst0,0,545,29478400
frame,inst0,0,546,31667200
frame,inst0,0,547,30052600
frame,inst0,0,548,29242500
frame,inst0,0,549,31669000
frame,inst0,0,550,26342400
frame,inst0,0,551,24429900
frame,inst0,0,552,28839200
frame,inst0,0,553,23700200
frame,inst0,0,554,31786900
frame,inst0,0,555,26486600
frame,inst0,0,556,27454900
frame,inst0,0,557,33454600
frame,inst0,0,558,26023400
frame,inst0,0,559,27928000
frame,inst0,0,560,31500700
frame,inst0,0,561,27486000
frame,inst0,0,562,28737800
frame,inst0,0,563,33216200
frame,inst0,0,564,26516200
frame,inst0,0,565,33852300
frame,inst0,0,566,34782900
frame,inst0,0,567,30878100
frame,inst0,0,568,29856300
frame,inst0,0,569,31623500
frame,inst0,0,570,34714500
frame,inst0,0,571,30769800
frame,inst0,0,572,25588900
frame,inst0,0,573,28301700
frame,inst0,0,574,30427900
frame,inst0,0,575,28433100
frame,inst0,0,576,32768100
frame,inst0,0,577,29805400
frame,inst0,0,578,30585000
frame,inst0,0,579,31404700
frame,inst0,0,580,30760000
frame,inst0,0,581,32587000
frame,inst0,0,582,33590100
frame,inst0,0,583,26604100
frame,inst0,0,584,35187500
frame,inst0,0,585,28914000
frame,inst0,0,586,30290400
frame,inst0,0,587,37621800
frame,inst0,0,588,28482000
frame,inst0,0,589,25879400
frame,inst0,0,590,32373600
frame,inst0,0,591,29939900
frame,inst0,0,592,30829600
frame,inst0,0,593,32456400
frame,inst0,0,594,29173100
frame,inst0,0,595,34395900
frame,inst0,0,596,28898100
frame,inst0,0,597,26882100
frame,inst0,0,598,26995600
frame,inst0,0,599,27687500
frame,inst0,0,600,26107000
frame,inst0,0,601,28977700
frame,inst0,0,602,25609000
frame,inst0,0,603,25136200
frame,inst0,0,604,27119300
frame,inst0,0,605,31659500
frame,inst0,0,606,29008900
frame,inst0,0,607,23604600
frame,inst0,0,608,27666800
frame,inst0,0,609,25857100
frame,inst0,0,610,26492500
frame,inst0,0,611,28997300
frame,inst0,0,612,28548900
frame,inst0,0,613,27290200
frame,inst0,0,614,32225500
frame,inst0,0,615,26423100
frame,inst0,0,616,30608100
frame,inst0,0,617,31826300
frame,inst0,0,618,31186000
frame,inst0,0,619,26566700
frame,inst0,0,620,35802100
frame,inst0,0,621,26840300
frame,inst0,0,622,27310900
frame,inst0,0,623,29249900
frame,inst0,0,624,28418100
frame,inst0,0,625,31316900
frame,inst0,0,626,28844400
frame,inst0,0,627,26714600
frame,inst0,0,628,24992700
frame,inst0,0,629,26372700
frame,inst0,0,630,29627100
frame,inst0,0,631,25686000
frame,inst0,0,632,25110900
frame,inst0,0,633,24933900
frame,inst0,0,634,29850900
frame,inst0,0,635,25553600
frame,inst0,0,636,25304600
frame,inst0,0,637,25608800
frame,inst0,0,638,26526900
frame,inst0,0,639,26244300
frame,inst0,0,640,25336900
frame,inst0,0,641,30323200
frame,inst0,0,642,26387400
frame,inst0,0,643,24102300
frame,inst0,0,644,28299600
frame,inst0,0,645,35733000
frame,inst0,0,646,31044000
frame,inst0,0,647,31382900
frame,inst0,0,648,27758500
frame,inst0,0,649,25205600
frame,inst0,0,650,31432600
frame,inst0,0,651,24502800
frame,inst0,0,652,25904600
frame,inst0,0,653,26707100
frame,inst0,0,654,31238600
frame,inst0,0,655,26799900
frame,inst0,0,656,36666800
frame,inst0,0,657,26645300
frame,inst0,0,658,30654100
frame,inst0,0,659,25273800
frame,inst0,0,660,24064200
frame,inst0,0,661,23908400
frame,inst0,0,662,26812200
frame,inst0,0,663,23441100
frame,inst0,0,664,23657100
frame,inst0,0,665,24266200
frame,inst0,0,666,23602400
frame,inst0,0,667,23467900
frame,inst0,0,668,23590000
frame,inst0,0,669,27239700
frame,inst0,0,670,23827800
frame,inst0,0,671,25866600
frame,inst0,0,672,25037700
frame,inst0,0,673,24994700
frame,inst0,0,674,24840900
frame,inst0,0,675,24467700
frame,inst0,0,676,22749600
frame,inst0,0,677,27529800
frame,inst0,0,678,25801000
frame,inst0,0,679,24588300
frame,inst0,0,680,28544600
frame,inst0,0,681,21829500
frame,inst0,0,682,22589900
frame,inst0,0,683,24166100
frame,inst0,0,684,24656100
frame,inst0,0,685,27847100
frame,inst0,0,686,22968000
frame,inst0,0,687,30464500
frame,inst0,0,688,95947500
frame,inst0,0,689,128471400
frame,inst0,0,690,127602200
frame,inst0,0,691,128127100
frame,inst0,0,692,125767100
frame,inst0,0,693,135054400
frame,inst0,0,694,129314000
frame,inst0,0,695,154955700
frame,inst0,0,696,132819800
frame,inst0,0,697,153756300
frame,inst0,0,698,130557500
frame,inst0,0,699,120805800
frame,inst0,0,700,147492200
frame,inst0,0,701,121707700
frame,inst0,0,702,112858200
frame,inst0,0,703,129542300
frame,inst0,0,704,145794000
frame,inst0,0,705,133350900
frame,inst0,0,706,135985000
frame,inst0,0,707,121182500
frame,inst0,0,708,120083200
frame,inst0,0,709,136312100
frame,inst0,0,710,135951800
frame,inst0,0,711,127164900
frame,inst0,0,712,124275000
frame,inst0,0,713,142336200
frame,inst0,0,714,145616600
frame,inst0,0,715,137492700
frame,inst0,0,716,160346800
frame,inst0,0,717,168134700
frame,inst0,0,718,153405700
frame,inst0,0,719,155151300
frame,inst0,0,720,152245100
frame,inst0,0,721,161236700
frame,inst0,0,722,146923900
frame,inst0,0,723,138860500
frame,inst0,0,724,161303200
frame,inst0,0,725,144642100
frame,inst0,0,726,131174600
frame,inst0,0,727,151542600
frame,inst0,0,728,147600200
frame,inst0,0,729,128466000
frame,inst0,0,730,142962900
frame,inst0,0,731,162247200
frame,inst0,0,732,162669000
frame,inst0,0,733,152751200
frame,inst0,0,734,145547100
frame,inst0,0,735,126198600
frame,inst0,0,736,144205300
frame,inst0,0,737,132063500
frame,inst0,0,738,134959500
frame,inst0,0,739,129055600
frame,inst0,0,740,135123800
frame,inst0,0,741,126508700
frame,inst0,0,742,117597700
frame,inst0,0,743,133770700
frame,inst0,0,744,123249800
frame,inst0,0,745,135806700
frame,inst0,0,746,132071800
frame,inst0,0,747,112145400
frame,inst0,0,748,128052000
frame,inst0,0,749,113452000
frame,inst0,0,750,116922600
frame,inst0,0,751,131403500
frame,inst0,0,752,128003600
frame,inst0,0,753,130017600
frame,inst0,0,754,114666200
frame,inst0,0,755,126180500
frame,inst0,0,756,120858300
frame,inst0,0,757,139797800
frame,inst0,0,758,128331200
frame,inst0,0,759,126750300
frame,inst0,0,760,112582100
frame,inst0,0,761,130812300
frame,inst0,0,762,118700400
frame,inst0,0,763,127933500
frame,inst0,0,764,119665800
frame,inst0,0,765,132800500
frame,inst0,0,766,133076800
frame,inst0,0,767,118790200
frame,inst0,0,768,112799100
frame,inst0,0,769,137007300
frame,inst0,0,770,114838300
frame,inst0,0,771,140115800
frame,inst0,0,772,132668800
frame,inst0,0,773,135675700
frame,inst0,0,774,123266000
frame,inst0,0,775,125730800
frame,inst0,0,776,149906200
frame,inst0,0,777,150144300
frame,inst0,0,778,117575500
frame,inst0,0,779,138472900
frame,inst0,0,780,133503200
frame,inst0,0,781,135455700
frame,inst0,0,782,122926700
frame,inst0,0,783,141620700
frame,inst0,0,784,127719000
frame,inst0,0,785,127443100
frame,inst0,0,786,140260300
frame,inst0,0,787,154108700
frame,inst0,0,788,151248200
frame,inst0,0,789,138427500
frame,inst0,0,790,147781000
frame,inst0,0,791,163769600
frame,inst0,0,792,184846900
frame,inst0,0,793,156549500
frame,inst0,0,794,156122400
frame,inst0,0,795,160167400
frame,inst0,0,796,150901300
frame,inst0,0,797,159549600
frame,inst0,0,798,172466900
frame,inst0,0,799,143684500
frame,inst0,0,800,159904400
frame,inst0,0,801,180865800
frame,inst0,0,802,145587700
frame,inst0,0,803,170672000
frame,inst0,0,804,156118600
frame,inst0,0,805,140922600
frame,inst0,0,806,153313500
frame,inst0,0,807,150590800
frame,inst0,0,808,157490400
frame,inst0,0,809,152394500
frame,inst0,0,810,139254400
frame,inst0,0,811,149680700
frame,inst0,0,812,131578700
frame,inst0,0,813,124839100
frame,inst0,0,814,137631000
frame,inst0,0,815,135585200
frame,inst0,0,816,155050500
frame,inst0,0,817,118911000
frame,inst0,0,818,129321600
frame,inst0,0,819,144670300
frame,inst0,0,820,126611400
frame,inst0,0,821,121233000
frame,inst0,0,822,143065900
frame,inst0,0,823,131170800
frame,inst0,0,824,131620900
frame,inst0,0,825,127363700
frame,inst0,0,826,116042700
frame,inst0,0,827,114588400
frame,inst0,0,828,127612800
frame,inst0,0,829,129046800
frame,inst0,0,830,125472500
frame,inst0,0,831,121505600
frame,inst0,0,832,128289300
frame,inst0,0,833,112575300
frame,inst0,0,834,114734500
frame,inst0,0,835,122151500
frame,inst0,0,836,141981900
frame,inst0,0,837,132039700
frame,inst0,0,838,136093300
frame,inst0,0,839,112103000
frame,inst0,0,840,131966200
frame,inst0,0,841,120048300
frame,inst0,0,842,139037200
frame,inst0,0,843,115927700
frame,inst0,0,844,136359100
frame,inst0,0,845,120309200
frame,inst0,0,846,126144100
frame,inst0,0,847,135339600
frame,inst0,0,848,135183200
frame,inst0,0,849,139950200
frame,inst0,0,850,146887800
frame,inst0,0,851,142253800
frame,inst0,0,852,131481900
frame,inst0,0,853,127165300
frame,inst0,0,854,128338700
frame,inst0,0,855,142236200
frame,inst0,0,856,148378500
frame,inst0,0,857,157494600
frame,inst0,0,858,135228600
frame,inst0,0,859,149190000
frame,inst0,0,860,145942300
frame,inst0,0,861,153788700
frame,inst0,0,862,146834000
frame,inst0,0,863,160077300
frame,inst0,0,864,167455000
frame,inst0,0,865,154042500
frame,inst0,0,866,161918400
frame,inst0,0,867,157386100
frame,inst0,0,868,158886300
frame,inst0,0,869,156303100
frame,inst0,0,870,160693100
frame,inst0,0,871,157774300
frame,inst0,0,872,154401500
frame,inst0,0,873,161755600
frame,inst0,0,874,166727200
frame,inst0,0,875,150435800
frame,inst0,0,876,158551700
frame,inst0,0,877,147960800
frame,inst0,0,878,133192000
frame,inst0,0,879,149265900
frame,inst0,0,880,146254900
frame,inst0,0,881,134536500
frame,inst0,0,882,141706100
frame,inst0,0,883,127785200
frame,inst0,0,884,115659600
frame,inst0,0,885,129287800
frame,inst0,0,886,138882700
frame,inst0,0,887,119596900
frame,inst0,0,888,138079500
frame,inst0,0,889,112344100
frame,inst0,0,890,134858100
frame,inst0,0,891,121390700
frame,inst0,0,892,128035600
frame,inst0,0,893,125736400
frame,inst0,0,894,133767300
frame,inst0,0,895,120182100
frame,inst0,0,896,124655100
frame,inst0,0,897,127616200
frame,inst0,0,898,121504300
frame,inst0,0,899,112501700
frame,inst0,0,900,137175400
frame,inst0,0,901,116748500
frame,inst0,0,902,125204200
frame,inst0,0,903,129737900
frame,inst0,0,904,125285600
frame,inst0,0,905,117060400
frame,inst0,0,906,124746100
frame,inst0,0,907,132075500
frame,inst0,0,908,119917200
frame,inst0,0,909,132136000
frame,inst0,0,910,117830500
frame,inst0,0,911,133445400
frame,inst0,0,912,121919800
frame,inst0,0,913,119750000
frame,inst0,0,914,118214100
frame,inst0,0,915,142273100
frame,inst0,0,916,113658700
frame,inst0,0,917,137170900
frame,inst0,0,918,124430800
frame,inst0,0,919,122733100
frame,inst0,0,920,122235700
frame,inst0,0,921,145886900
frame,inst0,0,922,125927100
frame,inst0,0,923,135812600
frame,inst0,0,924,149766900
frame,inst0,0,925,120961200
frame,inst0,0,926,127990500
frame,inst0,0,927,113874900
frame,inst0,0,928,143710100
frame,inst0,0,929,126537500
frame,inst0,0,930,137900500
frame,inst0,0,931,119986400
frame,inst0,0,932,144592600
frame,inst0,0,933,149038600
frame,inst0,0,934,140880000
frame,inst0,0,935,157620600
frame,inst0,0,936,158014200
frame,inst0,0,937,161409300
frame,inst0,0,938,163707700
frame,inst0,0,939,169241400
frame,inst0,0,940,160067100
frame,inst0,0,941,151311000
frame,inst0,0,942,168416900
frame,inst0,0,943,158699700
frame,inst0,0,944,155115100
frame,inst0,0,945,145575200
frame,inst0,0,946,143865000
frame,inst0,0,947,146402800
frame,inst0,0,948,149090800
frame,inst0,0,949,158358800
frame,inst0,0,950,138232800
frame,inst0,0,951,151698500
frame,inst0,0,952,152507500
frame,inst0,0,953,168176600
frame,inst0,0,954,150481400
frame,inst0,0,955,145191200
frame,inst0,0,956,134750600
frame,inst0,0,957,123664300
frame,inst0,0,958,138688400
frame,inst0,0,959,133247300
frame,inst0,0,960,117523000
frame,inst0,0,961,128850400
frame,inst0,0,962,127357900
frame,inst0,0,963,135844100
frame,inst0,0,964,104198400
frame,inst0,0,965,133164300
frame,inst0,0,966,130393300
frame,inst0,0,967,128667400
frame,inst0,0,968,122856700
frame,inst0,0,969,136829600
frame,inst0,0,970,113864700
frame,inst0,0,971,130645800
frame,inst0,0,972,110530900
frame,inst0,0,973,121711200
frame,inst0,0,974,98368800
frame,inst1,1,0,217299600
frame,inst1,1,1,32523600
frame,inst1,1,2,32091500
frame,inst1,1,3,27543900
frame,inst1,1,4,33188300
frame,inst1,1,5,30460600
frame,inst1,1,6,23948900
frame,inst1,1,7,30023400
frame,inst1,1,8,27239400
frame,inst1,1,9,25824100
frame,inst1,1,10,28495300
frame,inst1,1,11,28161800
frame,inst1,1,12,25002100
frame,inst1,1,13,31558500
frame,inst1,1,14,54755200
frame,inst1,1,15,48640400
frame,inst1,1,16,34125800
frame,inst1,1,17,66592400
frame,inst1,1,18,73009600
frame,inst1,1,19,79704300
frame,inst1,1,20,81740800
frame,inst1,1,21,91206400
frame,inst1,1,22,103210700
frame,inst1,1,23,99214700
frame,inst1,1,24,78465800
frame,inst1,1,25,59730800
frame,inst1,1,26,75309700
frame,inst1,1,27,120384400
frame,inst1,1,28,123673800
frame,inst1,1,29,107692300
frame,inst1,1,30,114137400
frame,inst1,1,31,133411400
frame,inst1,1,32,102459400
frame,inst1,1,33,120277600
frame,inst1,1,34,127572300
frame,inst1,1,35,119888900
frame,inst1,1,36,119723900
frame,inst1,1,37,127858700
frame,inst1,1,38,105287200
frame,inst1,1,39,112585100
frame,inst1,1,40,104287700
frame,inst1,1,41,117976600
frame,inst1,1,42,113060800
frame,inst1,1,43,108268500
frame,inst1,1,44,130553700
frame,inst1,1,45,116728700
frame,inst1,1,46,117795500
frame,inst1,1,47,111898700
frame,inst1,1,48,118991000
frame,inst1,1,49,124259300
frame,inst1,1,50,126153400
frame,inst1,1,51,126371000
frame,inst1,1,52,133483700
frame,inst1,1,53,123005800
frame,inst1,1,54,122019500
frame,inst1,1,55,116649400
frame,inst1,1,56,109558500
frame,inst1,1,57,133018400
frame,inst1,1,58,134495200
frame,inst1,1,59,127389300
frame,inst1,1,60,124257800
frame,inst1,1,61,109285400
frame,inst1,1,62,139354000
frame,inst1,1,63,119612200
frame,inst1,1,64,138234200
frame,inst1,1,65,128617300
frame,inst1,1,66,122513500
frame,inst1,1,67,121999900
frame,inst1,1,68,120833700
frame,inst1,1,69,142892200
frame,inst1,1,70,125019500
frame,inst1,1,71,125656100
frame,inst1,1,72,123721900
frame,inst1,1,73,111974500
frame,inst1,1,74,126212100
frame,inst1,1,75,96625600
frame,inst1,1,76,100729100
frame,inst1,1,77,144013400
frame,inst1,1,78,132943600
frame,inst1,1,79,115101600
frame,inst1,1,80,141797000
frame,inst1,1,81,132518000
frame,inst1,1,82,123629900
frame,inst1,1,83,145307900
frame,inst1,1,84,118479600
frame,inst1,1,85,115908500
frame,inst1,1,86,129227300
frame,inst1,1,87,139950200
frame,inst1,1,88,114474200
frame,inst1,1,89,122698200
frame,inst1,1,90,124082000
frame,inst1,1,91,122045300
frame,inst1,1,92,123111800
frame,inst1,1,93,127496200
frame,inst1,1,94,128204600
frame,inst1,1,95,121442700
frame,inst1,1,96,138753300
frame,inst1,1,97,133620100
frame,inst1,1,98,122095400
frame,inst1,1,99,122364900
frame,inst1,1,100,117064600
frame,inst1,1,101,128905600
frame,inst1,1,102,126103600
frame,inst1,1,103,119075200
frame,inst1,1,104,144791300
frame,inst1,1,105,113885800
frame,inst1,1,106,140731800
frame,inst1,1,107,144582900
frame,inst1,1,108,119002800
frame,inst1,1,109,132218000
frame,inst1,1,110,123556600
frame,inst1,1,111,157982100
frame,inst1,1,112,135016400
frame,inst1,1,113,124626300
frame,inst1,1,114,127790800
frame,inst1,1,115,132468600
frame,inst1,1,116,132647500
frame,inst1,1,117,129260200
frame,inst1,1,118,126933600
frame,inst1,1,119,152625400
frame,inst1,1,120,126557200
frame,inst1,1,121,136496800
frame,inst1,1,122,152750000
frame,inst1,1,123,140352200
frame,inst1,1,124,141468900
frame,inst1,1,125,146173300
frame,inst1,1,126,155435100
frame,inst1,1,127,149354500
frame,inst1,1,128,174073800
frame,inst1,1,129,148740500
frame,inst1,1,130,178713600
frame,inst1,1,131,162995400
frame,inst1,1,132,180436100
frame,inst1,1,133,171008500
frame,inst1,1,134,135802700
frame,inst1,1,135,181167900
frame,inst1,1,136,150522800
frame,inst1,1,137,145186700
frame,inst1,1,138,148751300
frame,inst1,1,139,125306300
frame,inst1,1,140,144165500
frame,inst1,1,141,132793600
frame,inst1,1,142,168449900
frame,inst1,1,143,137371700
frame,inst1,1,144,145283700
frame,inst1,1,145,146639000
frame,inst1,1,146,157199000
frame,inst1,1,147,157105500
frame,inst1,1,148,129531800
frame,inst1,1,149,146810800
frame,inst1,1,150,134458100
frame,inst1,1,151,132097500
frame,inst1,1,152,136615100
frame,inst1,1,153,131081700
frame,inst1,1,154,124894100
frame,inst1,1,155,121992500
frame,inst1,1,156,128982800
frame,inst1,1,157,121107200
frame,inst1,1,158,118672300
frame,inst1,1,159,126295000
frame,inst1,1,160,146074100
frame,inst1,1,161,123986200
frame,inst1,1,162,119523300
frame,inst1,1,163,133844200
frame,inst1,1,164,113542700
frame,inst1,1,165,115747700
frame,inst1,1,166,117628600
frame,inst1,1,167,125693300
frame,inst1,1,168,121608300
frame,inst1,1,169,118709600
frame,inst1,1,170,108486100
frame,inst1,1,171,124103100
frame,inst1,1,172,109780500
frame,inst1,1,173,122643500
frame,inst1,1,174,125796300
frame,inst1,1,175,111441300
frame,inst1,1,176,124173300
frame,inst1,1,177,128514900
frame,inst1,1,178,123468500
frame,inst1,1,179,118908300
frame,inst1,1,180,123181200
frame,inst1,1,181,117176100
frame,inst1,1,182,133818400
frame,inst1,1,183,131287000
frame,inst1,1,184,128397700
frame,inst1,1,185,129221600
frame,inst1,1,186,42439100
frame,inst1,1,187,29576700
frame,inst1,1,188,25930000
frame,inst1,1,189,29607700
frame,inst1,1,190,28657000
frame,inst1,1,191,31465800
frame,inst1,1,192,24368100
frame,inst1,1,193,28322600
frame,inst1,1,194,25437800
frame,inst1,1,195,29815000
frame,inst1,1,196,27582000
frame,inst1,1,197,26304000
frame,inst1,1,198,29321300
frame,inst1,1,199,26782700
frame,inst1,1,200,27373000
frame,inst1,1,201,25857100
frame,inst1,1,202,28926800
frame,inst1,1,203,24028100
frame,inst1,1,204,26134700
frame,inst1,1,205,26786800
frame,inst1,1,206,24766500
frame,inst1,1,207,27813400
frame,inst1,1,208,30970500
frame,inst1,1,209,26315000
frame,inst1,1,210,28162200
frame,inst1,1,211,28847800
frame,inst1,1,212,31757800
frame,inst1,1,213,25832000
frame,inst1,1,214,28362000
frame,inst1,1,215,30480100
frame,inst1,1,216,31880600
frame,inst1,1,217,25373800
frame,inst1,1,218,31518700
frame,inst1,1,219,31497600
frame,inst1,1,220,27943900
frame,inst1,1,221,28690300
frame,inst1,1,222,23946400
frame,inst1,1,223,27288500
frame,inst1,1,224,30283400
frame,inst1,1,225,28122700
frame,inst1,1,226,30772600
frame,inst1,1,227,26504700
frame,inst1,1,228,31220000
frame,inst1,1,229,30379900
frame,inst1,1,230,30614700
frame,inst1,1,231,27243400
frame,inst1,1,232,27133200
frame,inst1,1,233,31678200
frame,inst1,1,234,31268500
frame,inst1,1,235,29715200
frame,inst1,1,236,30168100
frame,inst1,1,237,35876900
frame,inst1,1,238,29289900
frame,inst1,1,239,28374400
frame,inst1,1,240,27079300
frame,inst1,1,241,28922600
frame,inst1,1,242,33747100
frame,inst1,1,243,36102000
frame,inst1,1,244,26132100
frame,inst1,1,245,33724200
frame,inst1,1,246,29091700
frame,inst1,1,247,30774300
frame,inst1,1,248,32152100
frame,inst1,1,249,27095700
frame,inst1,1,250,29064200
frame,inst1,1,251,29879000
frame,inst1,1,252,29866300
frame,inst1,1,253,31374500
frame,inst1,1,254,29815500
frame,inst1,1,255,28103300
frame,inst1,1,256,39703300
frame,inst1,1,257,30440900
frame,inst1,1,258,24608800
frame,inst1,1,259,29931800
frame,inst1,1,260,27667100
frame,inst1,1,261,35179400
frame,inst1,1,262,33378000
frame,inst1,1,263,27163800
frame,inst1,1,264,29552100
frame,inst1,1,265,31895500
frame,inst1,1,266,32602000
frame,inst1,1,267,30648100
frame,inst1,1,268,29573500
frame,inst1,1,269,30081900
frame,inst1,1,270,29095700
frame,inst1,1,271,32890800
frame,inst1,1,272,31255400
frame,inst1,1,273,30933700
frame,inst1,1,274,28644300
frame,inst1,1,275,28228200
frame,inst1,1,276,34688300
frame,inst1,1,277,32596500
frame,inst1,1,278,36038400
frame,inst1,1,279,28769300
frame,inst1,1,280,36166300
frame,inst1,1,281,29973800
frame,inst1,1,282,26267700
frame,inst1,1,283,31984400
frame,inst1,1,284,27638500
frame,inst1,1,285,31534000
frame,inst1,1,286,31698500
frame,inst1,1,287,33393200
frame,inst1,1,288,28428000
frame,inst1,1,289,29700100
frame,inst1,1,290,29672900
frame,inst1,1,291,25128600
frame,inst1,1,292,28986900
frame,inst1,1,293,33410800
frame,inst1,1,294,26406600
frame,inst1,1,295,28540000
frame,inst1,1,296,29597500
frame,inst1,1,297,30003900
frame,inst1,1,298,29677400
frame,inst1,1,299,26576100
frame,inst1,1,300,30995900
frame,inst1,1,301,34003300
frame,inst1,1,302,31871800
frame,inst1,1,303,28789900
frame,inst1,1,304,30704100
frame,inst1,1,305,34016200
frame,inst1,1,306,31954000
frame,inst1,1,307,34206700
frame,inst1,1,308,29802800
frame,inst1,1,309,31661100
frame,inst1,1,310,35956700
frame,inst1,1,311,28788900
frame,inst1,1,312,36508100
frame,inst1,1,313,40430700
frame,inst1,1,314,42242200
frame,inst1,1,315,32169300
frame,inst1,1,316,33119200
frame,inst1,1,317,31550900
frame,inst1,1,318,38303100
frame,inst1,1,319,31074700
frame,inst1,1,320,31095200
frame,inst1,1,321,36453600
frame,inst1,1,322,31570000
frame,inst1,1,323,32506100
frame,inst1,1,324,35806300
frame,inst1,1,325,28659600
frame,inst1,1,326,34685800
frame,inst1,1,327,35249300
frame,inst1,1,328,35068200
frame,inst1,1,329,29402900
frame,inst1,1,330,32924800
frame,inst1,1,331,33820200
frame,inst1,1,332,39027900
frame,inst1,1,333,34929300
frame,inst1,1,334,30753700
frame,inst1,1,335,29563400
frame,inst1,1,336,32963300
frame,inst1,1,337,30981600
frame,inst1,1,338,32087100
frame,inst1,1,339,32265300
frame,inst1,1,340,30519800
frame,inst1,1,341,32229300
frame,inst1,1,342,33760100
frame,inst1,1,343,30290300
frame,inst1,1,344,30088100
frame,inst1,1,345,31082600
frame,inst1,1,346,26725700
frame,inst1,1,347,27729300
frame,inst1,1,348,26450700
frame,inst1,1,349,31334600
frame,inst1,1,350,31645600
frame,inst1,1,351,28969000
frame,inst1,1,352,31775400
frame,inst1,1,353,28722100
frame,inst1,1,354,24052600
frame,inst1,1,355,30347100
frame,inst1,1,356,32490700
frame,inst1,1,357,27794100
frame,inst1,1,358,28338300
frame,inst1,1,359,24797900
frame,inst1,1,360,27928900
frame,inst1,1,361,27588700
frame,inst1,1,362,26854300
frame,inst1,1,363,24696100
frame,inst1,1,364,30023700
frame,inst1,1,365,26960300
frame,inst1,1,366,24775700
frame,inst1,1,367,27202200
frame,inst1,1,368,24554500
frame,inst1,1,369,27835300
frame,inst1,1,370,27940000
frame,inst1,1,371,24907800
frame,inst1,1,372,22797400
frame,inst1,1,373,26021000
frame,inst1,1,374,27259500
frame,inst1,1,375,27274300
frame,inst1,1,376,23292300
frame,inst1,1,377,26675400
frame,inst1,1,378,27863800
frame,inst1,1,379,22906100
frame,inst1,1,380,31268400
frame,inst1,1,381,23998500
frame,inst1,1,382,23876700
frame,inst1,1,383,23907800
frame,inst1,1,384,32089800
frame,inst1,1,385,26588300
frame,inst1,1,386,29919300
frame,inst1,1,387,27202200
frame,inst1,1,388,28966800
frame,inst1,1,389,28920100
frame,inst1,1,390,28009000
frame,inst1,1,391,24012000
frame,inst1,1,392,24420200
frame,inst1,1,393,27242400
frame,inst1,1,394,25282800
frame,inst1,1,395,23584900
frame,inst1,1,396,30251100
frame,inst1,1,397,23979000
frame,inst1,1,398,26426000
frame,inst1,1,399,29751000
frame,inst1,1,400,25220200
frame,inst1,1,401,22547100
frame,inst1,1,402,27564400
frame,inst1,1,403,25406600
frame,inst1,1,404,25193700
frame,inst1,1,405,28737000
frame,inst1,1,406,25293300
frame,inst1,1,407,24610000
frame,inst1,1,408,28492500
frame,inst1,1,409,23359000
frame,inst1,1,410,23864400
frame,inst1,1,411,22148400
frame,inst1,1,412,23764200
frame,inst1,1,413,27374800
frame,inst1,1,414,23598200
frame,inst1,1,415,28179300
frame,inst1,1,416,27662500
frame,inst1,1,417,25418900
frame,inst1,1,418,27503100
frame,inst1,1,419,26814700
frame,inst1,1,420,24680800
frame,inst1,1,421,23834600
frame,inst1,1,422,27382000
frame,inst1,1,423,23594700
frame,inst1,1,424,26363000
frame,inst1,1,425,27467800
frame,inst1,1,426,24281500
frame,inst1,1,427,23752600
frame,inst1,1,428,26871300
frame,inst1,1,429,26339700
frame,inst1,1,430,22381700
frame,inst1,1,431,29660700
frame,inst1,1,432,25798200
frame,inst1,1,433,21990300
frame,inst1,1,434,24307200
frame,inst1,1,435,25257000
frame,inst1,1,436,25256800
frame,inst1,1,437,24580300
frame,inst1,1,438,23261600
frame,inst1,1,439,25447700
frame,inst1,1,440,21247400
frame,inst1,1,441,25707600
frame,inst1,1,442,23418500
frame,inst1,1,443,23978800
frame,inst1,1,444,25059800
frame,inst1,1,445,22712300
frame,inst1,1,446,23570000
frame,inst1,1,447,22613800
frame,inst1,1,448,25691100
frame,inst1,1,449,29937200
frame,inst1,1,450,22608300
frame,inst1,1,451,23272300
frame,inst1,1,452,26667400
frame,inst1,1,453,25432500
frame,inst1,1,454,22614000
frame,inst1,1,455,29055700
frame,inst1,1,456,22903200
frame,inst1,1,457,26513600
frame,inst1,1,458,30115700
frame,inst1,1,459,26984800
frame,inst1,1,460,22535100
frame,inst1,1,461,24981400
frame,inst1,1,462,25440500
frame,inst1,1,463,24473000
frame,inst1,1,464,23974000
frame,inst1,1,465,28386400
frame,inst1,1,466,24058800
frame,inst1,1,467,26632800
frame,inst1,1,468,25651100
frame,inst1,1,469,25244500
frame,inst1,1,470,23378500
frame,inst1,1,471,26886800
frame,inst1,1,472,24062200
frame,inst1,1,473,25148000
frame,inst1,1,474,21387400
frame,inst1,1,475,23926000
frame,inst1,1,476,25043900
frame,inst1,1,477,25529100
frame,inst1,1,478,33689800
frame,inst1,1,479,24384100
frame,inst1,1,480,23585300
frame,inst1,1,481,25413100
frame,inst1,1,482,24306600
frame,inst1,1,483,24584900
frame,inst1,1,484,21668800
frame,inst1,1,485,26847900
frame,inst1,1,486,23887700
frame,inst1,1,487,21981000
frame,inst1,1,488,24583100
frame,inst1,1,489,28514900
frame,inst1,1,490,22747100
frame,inst1,1,491,22659000
frame,inst1,1,492,26375300
frame,inst1,1,493,25949200
frame,inst1,1,494,23910900
frame,inst1,1,495,24869600
frame,inst1,1,496,28531000
frame,inst1,1,497,25644000
frame,inst1,1,498,28242900
frame,inst1,1,499,24455400
frame,inst1,1,500,23561200
frame,inst1,1,501,27920500
frame,inst1,1,502,24888600
frame,inst1,1,503,24792400
frame,inst1,1,504,25447700
frame,inst1,1,505,28214100
frame,inst1,1,506,23381600
frame,inst1,1,507,22169400
frame,inst1,1,508,25502800
frame,inst1,1,509,26533800
frame,inst1,1,510,23519500
frame,inst1,1,511,25448500
frame,inst1,1,512,26737700
frame,inst1,1,513,23559400
frame,inst1,1,514,26507100
frame,inst1,1,515,28133100
frame,inst1,1,516,22975800
frame,inst1,1,517,25399100
frame,inst1,1,518,26011500
frame,inst1,1,519,25046700
frame,inst1,1,520,25294400
frame,inst1,1,521,27723500
frame,inst1,1,522,27347200
frame,inst1,1,523,26018700
frame,inst1,1,524,26019300
frame,inst1,1,525,22183000
frame,inst1,1,526,24264300
frame,inst1,1,527,23629800
frame,inst1,1,528,27040300
frame,inst1,1,529,25662200
frame,inst1,1,530,24639700
frame,inst1,1,531,26970200
frame,inst1,1,532,27263400
frame,inst1,1,533,23908600
frame,inst1,1,534,30960600
frame,inst1,1,535,21993800
frame,inst1,1,536,22158600
frame,inst1,1,537,26941700
frame,inst1,1,538,24671400
frame,inst1,1,539,26687700
frame,inst1,1,540,24873700
frame,inst1,1,541,25228200
frame,inst1,1,542,26615400
frame,inst1,1,543,26628700
frame,inst1,1,544,22580100
frame,inst1,1,545,28760400
frame,inst1,1,546,29350700
frame,inst1,1,547,27345800
frame,inst1,1,548,27098200
frame,inst1,1,549,23424100
frame,inst1,1,550,24133400
frame,inst1,1,551,25766200
frame,inst1,1,552,23460900
frame,inst1,1,553,31375400
frame,inst1,1,554,23362700
frame,inst1,1,555,23740500
frame,inst1,1,556,30177900
frame,inst1,1,557,27481300
frame,inst1,1,558,22683300
frame,inst1,1,559,22843500
frame,inst1,1,560,24832100
frame,inst1,1,561,24714300
frame,inst1,1,562,23611100
frame,inst1,1,563,31988600
frame,inst1,1,564,25248400
frame,inst1,1,565,24318500
frame,inst1,1,566,31667100
frame,inst1,1,567,26535200
frame,inst1,1,568,22627400
frame,inst1,1,569,24186700
frame,inst1,1,570,25096600
frame,inst1,1,571,29279400
frame,inst1,1,572,28904000
frame,inst1,1,573,26309000
frame,inst1,1,574,31516400
frame,inst1,1,575,29344000
frame,inst1,1,576,31110600
frame,inst1,1,577,25312500
frame,inst1,1,578,28070600
frame,inst1,1,579,30709000
frame,inst1,1,580,29600500
frame,inst1,1,581,27354100
frame,inst1,1,582,30747800
frame,inst1,1,583,27819100
frame,inst1,1,584,28249700
frame,inst1,1,585,22662600
frame,inst1,1,586,24161400
frame,inst1,1,587,23720300
frame,inst1,1,588,28844000
frame,inst1,1,589,25005200
frame,inst1,1,590,24352700
frame,inst1,1,591,24016400
frame,inst1,1,592,23657400
frame,inst1,1,593,26227800
frame,inst1,1,594,34085700
frame,inst1,1,595,26755100
frame,inst1,1,596,22910800
frame,inst1,1,597,29792600
frame,inst1,1,598,30400900
frame,inst1,1,599,27294900
frame,inst1,1,600,27652100
frame,inst1,1,601,25176800
frame,inst1,1,602,27565600
frame,inst1,1,603,29596300
frame,inst1,1,604,28943200
frame,inst1,1,605,25145300
frame,inst1,1,606,29400700
frame,inst1,1,607,28235900
frame,inst1,1,608,31009100
frame,inst1,1,609,25549900
frame,inst1,1,610,25984400
frame,inst1,1,611,26075700
frame,inst1,1,612,33322300
frame,inst1,1,613,33383500
frame,inst1,1,614,27042000
frame,inst1,1,615,30266800
frame,inst1,1,616,28270300
frame,inst1,1,617,33999200
frame,inst1,1,618,30831600
frame,inst1,1,619,30839400
frame,inst1,1,620,32690300
frame,inst1,1,621,29837200
frame,inst1,1,622,32639700
frame,inst1,1,623,34781500
frame,inst1,1,624,30052500
frame,inst1,1,625,31462500
frame,inst1,1,626,30671900
frame,inst1,1,627,35196200
frame,inst1,1,628,31320900
frame,inst1,1,629,30941000
frame,inst1,1,630,37366600
frame,inst1,1,631,27777600
frame,inst1,1,632,30102600
frame,inst1,1,633,33942500
frame,inst1,1,634,31128600
frame,inst1,1,635,31371700
frame,inst1,1,636,31803200
frame,inst1,1,637,28288000
frame,inst1,1,638,36137900
frame,inst1,1,639,36296200
frame,inst1,1,640,30887900
frame,inst1,1,641,36713100
frame,inst1,1,642,28546900
frame,inst1,1,643,28076200
frame,inst1,1,644,32413700
frame,inst1,1,645,28990000
frame,inst1,1,646,39058000
frame,inst1,1,647,33144600
frame,inst1,1,648,29057000
frame,inst1,1,649,30991800
frame,inst1,1,650,29656800
frame,inst1,1,651,28597600
frame,inst1,1,652,27646400
frame,inst1,1,653,25146400
frame,inst1,1,654,31109200
frame,inst1,1,655,25153700
frame,inst1,1,656,26607900
frame,inst1,1,657,25047800
frame,inst1,1,658,31403300
frame,inst1,1,659,27320300
frame,inst1,1,660,29021100
frame,inst1,1,661,30290900
frame,inst1,1,662,33200900
frame,inst1,1,663,25276700
frame,inst1,1,664,30414200
frame,inst1,1,665,28495800
frame,inst1,1,666,25161200
frame,inst1,1,667,32839000
frame,inst1,1,668,27174700
frame,inst1,1,669,25241100
frame,inst1,1,670,25842700
frame,inst1,1,671,31111000
frame,inst1,1,672,31305100
frame,inst1,1,673,25603900
frame,inst1,1,674,30138600
frame,inst1,1,675,30798100
frame,inst1,1,676,27375000
frame,inst1,1,677,30230800
frame,inst1,1,678,28308000
frame,inst1,1,679,31046600
frame,inst1,1,680,29274400
frame,inst1,1,681,27386300
frame,inst1,1,682,37432300
frame,inst1,1,683,32414200
frame,inst1,1,684,32466600
frame,inst1,1,685,36064300
frame,inst1,1,686,25010800
frame,inst1,1,687,30918900
frame,inst1,1,688,30321100
frame,inst1,1,689,33925100
frame,inst1,1,690,30580100
frame,inst1,1,691,30629700
frame,inst1,1,692,34750200
frame,inst1,1,693,32262200
frame,inst1,1,694,31298700
frame,inst1,1,695,25293400
frame,inst1,1,696,26649400
frame,inst1,1,697,29538100
frame,inst1,1,698,28766300
frame,inst1,1,699,33770400
frame,inst1,1,700,27406100
frame,inst1,1,701,32388100
frame,inst1,1,702,29928000
frame,inst1,1,703,28067900
frame,inst1,1,704,35253200
frame,inst1,1,705,28867000
frame,inst1,1,706,33594100
frame,inst1,1,707,32622200
frame,inst1,1,708,28538400
frame,inst1,1,709,31200000
frame,inst1,1,710,29361400
frame,inst1,1,711,29685800
frame,inst1,1,712,25497800
frame,inst1,1,713,26082300
frame,inst1,1,714,26866500
frame,inst1,1,715,24911100
frame,inst1,1,716,28963000
frame,inst1,1,717,28781300
frame,inst1,1,718,24955700
frame,inst1,1,719,31949300
frame,inst1,1,720,25768200
frame,inst1,1,721,28390000
frame,inst1,1,722,27868700
frame,inst1,1,723,29490800
frame,inst1,1,724,29426300
frame,inst1,1,725,24601600
frame,inst1,1,726,27966300
frame,inst1,1,727,28208000
frame,inst1,1,728,30148600
frame,inst1,1,729,29374400
frame,inst1,1,730,24028600
frame,inst1,1,731,27325600
frame,inst1,1,732,22374000
frame,inst1,1,733,27052400
frame,inst1,1,734,27707000
frame,inst1,1,735,29910300
frame,inst1,1,736,26084700
frame,inst1,1,737,24480800
frame,inst1,1,738,30228300
frame,inst1,1,739,28401100
frame,inst1,1,740,23869400
frame,inst1,1,741,24693900
frame,inst1,1,742,25377800
frame,inst1,1,743,28357600
frame,inst1,1,744,28110600
frame,inst1,1,745,21943500
frame,inst1,1,746,21865600
frame,inst1,1,747,27256600
frame,inst1,1,748,26895500
frame,inst1,1,749,25301100
frame,inst1,1,750,27929200
frame,inst1,1,751,24934300
frame,inst1,1,752,22897800
frame,inst1,1,753,26411000
frame,inst1,1,754,31958100
frame,inst1,1,755,28612700
frame,inst1,1,756,28364000
frame,inst1,1,757,25745900
frame,inst1,1,758,26565100
frame,inst1,1,759,24183900
frame,inst1,1,760,27313000
frame,inst1,1,761,21990800
frame,inst1,1,762,23969100
frame,inst1,1,763,27125300
frame,inst1,1,764,25249800
frame,inst1,1,765,23093300
frame,inst1,1,766,25920000
frame,inst1,1,767,25640200
frame,inst1,1,768,24622300
frame,inst1,1,769,27330100
frame,inst1,1,770,21822100
frame,inst1,1,771,26508700
frame,inst1,1,772,22088300
frame,inst1,1,773,24334200
frame,inst1,1,774,26651000
frame,inst1,1,775,24996900
frame,inst1,1,776,26805200
frame,inst1,1,777,23106400
frame,inst1,1,778,24877800
frame,inst1,1,779,28005600
frame,inst1,1,780,22367100
frame,inst1,1,781,26383800
frame,inst1,1,782,24896600
frame,inst1,1,783,22326800
frame,inst1,1,784,25606600
frame,inst1,1,785,25263700
frame,inst1,1,786,23652700
frame,inst1,1,787,25811100
frame,inst1,1,788,25740200
frame,inst1,1,789,26397900
frame,inst1,1,790,23572900
frame,inst1,1,791,25642100
frame,inst1,1,792,23409200
frame,inst1,1,793,25910000
frame,inst1,1,794,28621100
frame,inst1,1,795,29294700
frame,inst1,1,796,26351200
frame,inst1,1,797,23337500
frame,inst1,1,798,27368900
frame,inst1,1,799,26905800
frame,inst1,1,800,23976300
frame,inst1,1,801,22960800
frame,inst1,1,802,26531700
frame,inst1,1,803,25581700
frame,inst1,1,804,24939500
frame,inst1,1,805,28051000
frame,inst1,1,806,25332600
frame,inst1,1,807,23252500
frame,inst1,1,808,26434700
frame,inst1,1,809,27667400
frame,inst1,1,810,27881700
frame,inst1,1,811,23825000
frame,inst1,1,812,23521800
frame,inst1,1,813,26700600
frame,inst1,1,814,28448700
frame,inst1,1,815,26803400
frame,inst1,1,816,26023000
frame,inst1,1,817,27591800
frame,inst1,1,818,25025900
frame,inst1,1,819,24948600
frame,inst1,1,820,25569600
frame,inst1,1,821,25834900
frame,inst1,1,822,28510300
frame,inst1,1,823,25354700
frame,inst1,1,824,27661600
frame,inst1,1,825,23102500
frame,inst1,1,826,24072900
frame,inst1,1,827,24806100
frame,inst1,1,828,26781100
frame,inst1,1,829,25935300
frame,inst1,1,830,26115800
frame,inst1,1,831,26078500
frame,inst1,1,832,30993500
frame,inst1,1,833,30208500
frame,inst1,1,834,34068300
frame,inst1,1,835,26444400
frame,inst1,1,836,27824700
frame,inst1,1,837,28372200
frame,inst1,1,838,24143600
frame,inst1,1,839,22500500
frame,inst1,1,840,23643400
frame,inst1,1,841,25885700
frame,inst1,1,842,30490200
frame,inst1,1,843,26285500
frame,inst1,1,844,22849600
frame,inst1,1,845,25228600
frame,inst1,1,846,22352900
frame,inst1,1,847,26636000
frame,inst1,1,848,25423100
frame,inst1,1,849,22811900
frame,inst1,1,850,24703700
frame,inst1,1,851,26869800
frame,inst1,1,852,28925300
frame,inst1,1,853,25085400
frame,inst1,1,854,24385300
frame,inst1,1,855,26874200
frame,inst1,1,856,27393100
frame,inst1,1,857,27722300
frame,inst1,1,858,22137100
frame,inst1,1,859,27745900
frame,inst1,1,860,26721300
frame,inst1,1,861,28772800
frame,inst1,1,862,26998000
frame,inst1,1,863,28280200
frame,inst1,1,864,23381800
frame,inst1,1,865,28121900
frame,inst1,1,866,26287400
frame,inst1,1,867,24357800
frame,inst1,1,868,27320000
frame,inst1,1,869,24498100
frame,inst1,1,870,28699200
frame,inst1,1,871,26556500
frame,inst1,1,872,26467800
frame,inst1,1,873,24124400
frame,inst1,1,874,26879300
frame,inst1,1,875,22329600
frame,inst1,1,876,24401000
frame,inst1,1,877,27622800
frame,inst1,1,878,27013700
frame,inst1,1,879,30865600
frame,inst1,1,880,22494200
frame,inst1,1,881,28719900
frame,inst1,1,882,27668700
frame,inst1,1,883,24725500
frame,inst1,1,884,27278700
frame,inst1,1,885,21922900
frame,inst1,1,886,23884100
frame,inst1,1,887,29218200
frame,inst1,1,888,26544300
frame,inst1,1,889,25498700
frame,inst1,1,890,28317600
frame,inst1,1,891,32029800
frame,inst1,1,892,27748200
frame,inst1,1,893,26942900
frame,inst1,1,894,27131800
frame,inst1,1,895,32029700
frame,inst1,1,896,29687900
frame,inst1,1,897,23310200
frame,inst1,1,898,23503200
frame,inst1,1,899,22573800
frame,inst1,1,900,29390800
frame,inst1,1,901,23049900
frame,inst1,1,902,26745100
frame,inst1,1,903,23351300
frame,inst1,1,904,24892200
frame,inst1,1,905,30166800
frame,inst1,1,906,28230900
frame,inst1,1,907,30711600
frame,inst1,1,908,26541800
frame,inst1,1,909,29069400
frame,inst1,1,910,31577900
frame,inst1,1,911,26746100
frame,inst1,1,912,24130500
frame,inst1,1,913,28508400
frame,inst1,1,914,23969400
frame,inst1,1,915,28436100
frame,inst1,1,916,24368100
frame,inst1,1,917,24186300
frame,inst1,1,918,28641900
frame,inst1,1,919,24427400
frame,inst1,1,920,25990000
frame,inst1,1,921,26062200
frame,inst1,1,922,25069600
frame,inst1,1,923,27311800
frame,inst1,1,924,30038500
frame,inst1,1,925,26840100
frame,inst1,1,926,25367800
frame,inst1,1,927,25546200
frame,inst1,1,928,27341400
frame,inst1,1,929,28083300
frame,inst1,1,930,24292100
frame,inst1,1,931,29201500
frame,inst1,1,932,28312100
frame,inst1,1,933,26677300
frame,inst1,1,934,24962600
frame,inst1,1,935,26046700
frame,inst1,1,936,33578100
frame,inst1,1,937,27834200
frame,inst1,1,938,25193700
frame,inst1,1,939,24787800
frame,inst1,1,940,28588200
frame,inst1,1,941,30242600
frame,inst1,1,942,30305800
frame,inst1,1,943,26969200
frame,inst1,1,944,27781900
frame,inst1,1,945,31485900
frame,inst1,1,946,25233700
frame,inst1,1,947,28059900
frame,inst1,1,948,26637800
frame,inst1,1,949,28852700
frame,inst1,1,950,29444500
frame,inst1,1,951,29804400
frame,inst1,1,952,30873200
frame,inst1,1,953,26587400
frame,inst1,1,954,31427000
frame,inst1,1,955,30322100
frame,inst1,1,956,26950100
frame,inst1,1,957,27681200
frame,inst1,1,958,27891600
frame,inst1,1,959,30484900
frame,inst1,1,960,32552600
frame,inst1,1,961,32299300
frame,inst1,1,962,28170700
frame,inst1,1,963,30264700
frame,inst1,1,964,30266200
frame,inst1,1,965,30574100
frame,inst1,1,966,31680900
frame,inst1,1,967,26158900
frame,inst1,1,968,29342800
frame,inst1,1,969,29680500
frame,inst1,1,970,33864400
frame,inst1,1,971,29083300
frame,inst1,1,972,30526000
frame,inst1,1,973,27066600
frame,inst1,1,974,35837900
frame,inst1,1,975,36708100
frame,inst1,1,976,31039300
frame,inst1,1,977,29325300
frame,inst1,1,978,36432300
frame,inst1,1,979,33675200
frame,inst1,1,980,31905900
frame,inst1,1,981,29343200
frame,inst1,1,982,31635600
frame,inst1,1,983,27296800
frame,inst1,1,984,35725100
frame,inst1,1,985,30441700
frame,inst1,1,986,30014900
frame,inst1,1,987,29228100
frame,inst1,1,988,35786900
frame,inst1,1,989,32378600
frame,inst1,1,990,31821800
frame,inst1,1,991,28299000
frame,inst1,1,992,32952000
frame,inst1,1,993,27202400
frame,inst1,1,994,30564000
frame,inst1,1,995,25927600
frame,inst1,1,996,33913900
frame,inst1,1,997,33953300
frame,inst1,1,998,27585800
frame,inst1,1,999,29600900
frame,inst1,1,1000,31530300
frame,inst1,1,1001,31363300
frame,inst1,1,1002,35381500
frame,inst1,1,1003,28267700
frame,inst1,1,1004,31292000
frame,inst1,1,1005,28938300
frame,inst1,1,1006,28867200
frame,inst1,1,1007,28379200
frame,inst1,1,1008,30373100
frame,inst1,1,1009,30253000
frame,inst1,1,1010,32988600
frame,inst1,1,1011,31312100
frame,inst1,1,1012,27577800
frame,inst1,1,1013,31464400
frame,inst1,1,1014,29207400
frame,inst1,1,1015,29228500
frame,inst1,1,1016,30788000
frame,inst1,1,1017,29757500
frame,inst1,1,1018,31442900
frame,inst1,1,1019,24498300
frame,inst1,1,1020,28918100
frame,inst1,1,1021,34082400
frame,inst1,1,1022,30345800
frame,inst1,1,1023,29687900
frame,inst1,1,1024,33745900
frame,inst1,1,1025,28583600
frame,inst1,1,1026,30406000
frame,inst1,1,1027,29006300
frame,inst1,1,1028,27608400
frame,inst1,1,1029,25478300
frame,inst1,1,1030,28693100
frame,inst1,1,1031,38848400
frame,inst1,1,1032,29705100
frame,inst1,1,1033,28017200
frame,inst1,1,1034,35494900
frame,inst1,1,1035,26625300
frame,inst1,1,1036,28070100
frame,inst1,1,1037,30691700
frame,inst1,1,1038,30693400
frame,inst1,1,1039,28660500
frame,inst1,1,1040,29618000
frame,inst1,1,1041,27592400
frame,inst1,1,1042,39800200
frame,inst1,1,1043,30487200
frame,inst1,1,1044,35516000
frame,inst1,1,1045,33774100
frame,inst1,1,1046,29780500
frame,inst1,1,1047,40259600
frame,inst1,1,1048,28558400
frame,inst1,1,1049,32642200
frame,inst1,1,1050,27496400
frame,inst1,1,1051,30957500
frame,inst1,1,1052,34757900
frame,inst1,1,1053,29403100
frame,inst1,1,1054,29579500
frame,inst1,1,1055,30111900
frame,inst1,1,1056,32702300
frame,inst1,1,1057,36985700
frame,inst1,1,1058,29825200
frame,inst1,1,1059,27435500
frame,inst1,1,1060,36692200
frame,inst1,1,1061,33461100
frame,inst1,1,1062,32701000
frame,inst1,1,1063,29953700
frame,inst1,1,1064,26867900
frame,inst1,1,1065,31554500
frame,inst1,1,1066,32881000
frame,inst1,1,1067,29861200
frame,inst1,1,1068,26026700
frame,inst1,1,1069,32115800
frame,inst1,1,1070,31782700
frame,inst1,1,1071,32299100
frame,inst1,1,1072,31353200
frame,inst1,1,1073,28170400
frame,inst1,1,1074,30016800
frame,inst1,1,1075,26438400
frame,inst1,1,1076,27636300
frame,inst1,1,1077,27000000
frame,inst1,1,1078,30029400
frame,inst1,1,1079,24813400
frame,inst1,1,1080,27466900
frame,inst1,1,1081,30646500
frame,inst1,1,1082,24827300
frame,inst1,1,1083,25434500
frame,inst1,1,1084,28057900
frame,inst1,1,1085,25900500
frame,inst1,1,1086,27900100
frame,inst1,1,1087,24844900
frame,inst1,1,1088,26194000
frame,inst1,1,1089,28440200
frame,inst1,1,1090,25317100
frame,inst1,1,1091,29383600
frame,inst1,1,1092,23794900
frame,inst1,1,1093,25749800
frame,inst1,1,1094,26747100
frame,inst1,1,1095,25050400
frame,inst1,1,1096,30973200
frame,inst1,1,1097,30530700
frame,inst1,1,1098,23994300
frame,inst1,1,1099,28091700
frame,inst1,1,1100,24976800
frame,inst1,1,1101,29185300
frame,inst1,1,1102,23261200
frame,inst1,1,1103,23327300
frame,inst1,1,1104,28592000
frame,inst1,1,1105,26906600
frame,inst1,1,1106,27488800
frame,inst1,1,1107,24587100
frame,inst1,1,1108,27310900
frame,inst1,1,1109,31399700
frame,inst1,1,1110,29601900
frame,inst1,1,1111,23998700
frame,inst1,1,1112,28127300
frame,inst1,1,1113,26092500
frame,inst1,1,1114,24628600
frame,inst1,1,1115,27207500
frame,inst1,1,1116,22671000
frame,inst1,1,1117,24684300
frame,inst1,1,1118,29400400
frame,inst1,1,1119,30255400
frame,inst1,1,1120,22231800
frame,inst1,1,1121,24623700
frame,inst1,1,1122,23281700
frame,inst1,1,1123,23492500
frame,inst1,1,1124,21439300
frame,inst1,1,1125,25467200
frame,inst1,1,1126,22792900
frame,inst1,1,1127,22062100
frame,inst1,1,1128,22379100
frame,inst1,1,1129,25673100
frame,inst1,1,1130,25879100
frame,inst1,1,1131,22808800
frame,inst1,1,1132,22554300
frame,inst1,1,1133,20966500
frame,inst1,1,1134,22258100
frame,inst1,1,1135,24049300
frame,inst1,1,1136,24583300
frame,inst1,1,1137,23692600
frame,inst1,1,1138,22486100
frame,inst1,1,1139,26675100
frame,inst1,1,1140,28953500
frame,inst1,1,1141,26220900
frame,inst1,1,1142,22643500
frame,inst1,1,1143,24773000
frame,inst1,1,1144,23285300
frame,inst1,1,1145,27933300
frame,inst1,1,1146,29347800
frame,inst1,1,1147,23125200
frame,inst1,1,1148,22602700
frame,inst1,1,1149,28866300
frame,inst1,1,1150,29255900
frame,inst1,1,1151,22751400
frame,inst1,1,1152,26813900
frame,inst1,1,1153,27734700
frame,inst1,1,1154,23924200
frame,inst1,1,1155,27829400
frame,inst1,1,1156,23183800
frame,inst1,1,1157,24309600
frame,inst1,1,1158,26840300
frame,inst1,1,1159,23894000
frame,inst1,1,1160,23264400
frame,inst1,1,1161,22734400
frame,inst1,1,1162,25244700
frame,inst1,1,1163,24353000
frame,inst1,1,1164,22733400
frame,inst1,1,1165,24691700
frame,inst1,1,1166,24427100
frame,inst1,1,1167,26553600
frame,inst1,1,1168,28096100
frame,inst1,1,1169,25415200
frame,inst1,1,1170,26062200
frame,inst1,1,1171,24955300
frame,inst1,1,1172,27162100
frame,inst1,1,1173,26021200
frame,inst1,1,1174,24184300
frame,inst1,1,1175,28609700
frame,inst1,1,1176,22686900
frame,inst1,1,1177,26134800
frame,inst1,1,1178,21542400
frame,inst1,1,1179,23733800
frame,inst1,1,1180,31201500
frame,inst1,1,1181,25973500
frame,inst1,1,1182,26309800
frame,inst1,1,1183,23933500
frame,inst1,1,1184,25940600
frame,inst1,1,1185,24115100
frame,inst1,1,1186,26819600
frame,inst1,1,1187,23764500
frame,inst1,1,1188,26626000
frame,inst1,1,1189,26303000
frame,inst1,1,1190,23471800
frame,inst1,1,1191,23996600
frame,inst1,1,1192,27410900
frame,inst1,1,1193,25496900
frame,inst1,1,1194,25777900
frame,inst1,1,1195,26406300
frame,inst1,1,1196,24300200
frame,inst1,1,1197,27988100
frame,inst1,1,1198,22457800
frame,inst1,1,1199,24395500
frame,inst1,1,1200,25598300
frame,inst1,1,1201,23803200
frame,inst1,1,1202,25759000
frame,inst1,1,1203,24388700
frame,inst1,1,1204,23520700
frame,inst1,1,1205,23139600
frame,inst1,1,1206,26206300
frame,inst1,1,1207,26708800
frame,inst1,1,1208,26742400
frame,inst1,1,1209,24218500
frame,inst1,1,1210,27634700
frame,inst1,1,1211,25660800
frame,inst1,1,1212,25362200
frame,inst1,1,1213,26068400
frame,inst1,1,1214,23976000
frame,inst1,1,1215,26070900
frame,inst1,1,1216,25257100
frame,inst1,1,1217,21665700
frame,inst1,1,1218,23924600
frame,inst1,1,1219,29138300
frame,inst1,1,1220,26924800
frame,inst1,1,1221,22716300
frame,inst1,1,1222,23514100
frame,inst1,1,1223,23853900
frame,inst1,1,1224,27338700
frame,inst1,1,1225,25163300
frame,inst1,1,1226,25020400
frame,inst1,1,1227,28129800
frame,inst1,1,1228,25451600
frame,inst1,1,1229,28453000
frame,inst1,1,1230,23380300
frame,inst1,1,1231,25073000
frame,inst1,1,1232,27985100
frame,inst1,1,1233,26131500
frame,inst1,1,1234,26070500
frame,inst1,1,1235,27660400
frame,inst1,1,1236,27970000
frame,inst1,1,1237,27752200
frame,inst1,1,1238,29336400
frame,inst1,1,1239,28882900
frame,inst1,1,1240,30260500
frame,inst1,1,1241,27346400
frame,inst1,1,1242,29768100
frame,inst1,1,1243,25409000
frame,inst1,1,1244,26537800
frame,inst1,1,1245,28324400
frame,inst1,1,1246,25096800
frame,inst1,1,1247,27834700
frame,inst1,1,1248,26800900
frame,inst1,1,1249,31208100
frame,inst1,1,1250,23272200
frame,inst1,1,1251,23393300
frame,inst1,1,1252,28116600
frame,inst1,1,1253,26580100
frame,inst1,1,1254,29520400
frame,inst1,1,1255,25935900
frame,inst1,1,1256,24876800
frame,inst1,1,1257,30170900
frame,inst1,1,1258,31407700
frame,inst1,1,1259,26186100
frame,inst1,1,1260,28488200
frame,inst1,1,1261,30240400
frame,inst1,1,1262,27180000
frame,inst1,1,1263,22396800
frame,inst1,1,1264,26483000
frame,inst1,1,1265,28844200
frame,inst1,1,1266,25681600
frame,inst1,1,1267,29125000
frame,inst1,1,1268,25216900
frame,inst1,1,1269,28565100
frame,inst1,1,1270,25438500
frame,inst1,1,1271,28887700
frame,inst1,1,1272,24950300
frame,inst1,1,1273,24207000
frame,inst1,1,1274,25118400
frame,inst1,1,1275,32211600
frame,inst1,1,1276,22063400
frame,inst1,1,1277,25616000
frame,inst1,1,1278,28414300
frame,inst1,1,1279,24068800
frame,inst1,1,1280,26493500
frame,inst1,1,1281,21421700
frame,inst1,1,1282,24959600
frame,inst1,1,1283,31199000
frame,inst1,1,1284,28644000
frame,inst1,1,1285,28523200
frame,inst1,1,1286,27050600
frame,inst1,1,1287,31562900
frame,inst1,1,1288,28262100
frame,inst1,1,1289,25249600
frame,inst1,1,1290,22854300
frame,inst1,1,1291,31778600
frame,inst1,1,1292,30558800
frame,inst1,1,1293,27494700
frame,inst1,1,1294,27061800
frame,inst1,1,1295,25703400
frame,inst1,1,1296,24857000
frame,inst1,1,1297,28967300
frame,inst1,1,1298,24317200
frame,inst1,1,1299,23414600
frame,inst1,1,1300,26595500
frame,inst1,1,1301,25271500
frame,inst1,1,1302,31756900
frame,inst1,1,1303,24685900
frame,inst1,1,1304,24690600
frame,inst1,1,1305,28829300
frame,inst1,1,1306,25836900
frame,inst1,1,1307,28826700
frame,inst1,1,1308,29670000
frame,inst1,1,1309,24879000
frame,inst1,1,1310,26120400
frame,inst1,1,1311,27694200
frame,inst1,1,1312,28548500
frame,inst1,1,1313,25892600
frame,inst1,1,1314,32502600
frame,inst1,1,1315,28171800
frame,inst1,1,1316,32467000
frame,inst1,1,1317,35163400
frame,inst1,1,1318,28447100
frame,inst1,1,1319,28026300
frame,inst1,1,1320,27177500
frame,inst1,1,1321,24460600
frame,inst1,1,1322,26394900
frame,inst1,1,1323,30097400
frame,inst1,1,1324,28416500
frame,inst1,1,1325,32341300
frame,inst1,1,1326,26962300
frame,inst1,1,1327,27159700
frame,inst1,1,1328,30210500
frame,inst1,1,1329,25961900
frame,inst1,1,1330,27448100
frame,inst1,1,1331,33873300
frame,inst1,1,1332,29095100
frame,inst1,1,1333,29383000
frame,inst1,1,1334,25676600
frame,inst1,1,1335,31356000
frame,inst1,1,1336,27764400
frame,inst1,1,1337,29861100
frame,inst1,1,1338,36002900
frame,inst1,1,1339,28928400
frame,inst1,1,1340,28144300
frame,inst1,1,1341,30365900
frame,inst1,1,1342,33492200
frame,inst1,1,1343,35493800
frame,inst1,1,1344,28629800
frame,inst1,1,1345,36161600
frame,inst1,1,1346,28414000
frame,inst1,1,1347,32382800
frame,inst1,1,1348,34097700
frame,inst1,1,1349,30553700
frame,inst1,1,1350,39998600
frame,inst1,1,1351,32900200
frame,inst1,1,1352,33961700
frame,inst1,1,1353,30226600
frame,inst1,1,1354,29927900
frame,inst1,1,1355,33129700
frame,inst1,1,1356,34216000
frame,inst1,1,1357,33076500
frame,inst1,1,1358,35473700
frame,inst1,1,1359,31046800
frame,inst1,1,1360,33818500
frame,inst1,1,1361,41659400
frame,inst1,1,1362,29630700
frame,inst1,1,1363,36618600
frame,inst1,1,1364,31150300
frame,inst1,1,1365,38167400
frame,inst1,1,1366,32530500
frame,inst1,1,1367,33810400
frame,inst1,1,1368,31453500
frame,inst1,1,1369,32525800
frame,inst1,1,1370,31395700
frame,inst1,1,1371,29787300
frame,inst1,1,1372,28725200
frame,inst1,1,1373,33172300
frame,inst1,1,1374,26974700
frame,inst1,1,1375,32189100
frame,inst1,1,1376,30802500
frame,inst1,1,1377,28402300
frame,inst1,1,1378,28937800
frame,inst1,1,1379,30996200
frame,inst1,1,1380,32325100
frame,inst1,1,1381,34877200
frame,inst1,1,1382,27733500
frame,inst1,1,1383,28427000
frame,inst1,1,1384,29571200
frame,inst1,1,1385,30496000
frame,inst1,1,1386,31374400
frame,inst1,1,1387,29559300
frame,inst1,1,1388,28269500
frame,inst1,1,1389,31496200
frame,inst1,1,1390,33855500
frame,inst1,1,1391,27162300
frame,inst1,1,1392,27939200
frame,inst1,1,1393,29577200
frame,inst1,1,1394,30185700
frame,inst1,1,1395,31600800
frame,inst1,1,1396,27086600
frame,inst1,1,1397,32360700
frame,inst1,1,1398,27568700
frame,inst1,1,1399,29686100
frame,inst1,1,1400,28478800
frame,inst1,1,1401,31935100
frame,inst1,1,1402,24811600
frame,inst1,1,1403,33496900
frame,inst1,1,1404,35493600
frame,inst1,1,1405,33772500
frame,inst1,1,1406,30856500
frame,inst1,1,1407,31222300
frame,inst1,1,1408,29586000
frame,inst1,1,1409,36358300
frame,inst1,1,1410,31075500
frame,inst1,1,1411,28504100
frame,inst1,1,1412,29567900
frame,inst1,1,1413,29351700
frame,inst1,1,1414,34655200
frame,inst1,1,1415,29146300
frame,inst1,1,1416,26076400
frame,inst1,1,1417,30194100
frame,inst1,1,1418,30576300
frame,inst1,1,1419,37219900
frame,inst1,1,1420,27839500
frame,inst1,1,1421,25983200
frame,inst1,1,1422,35103800
frame,inst1,1,1423,27976800
frame,inst1,1,1424,31061000
frame,inst1,1,1425,30137600
frame,inst1,1,1426,26859700
frame,inst1,1,1427,28046500
frame,inst1,1,1428,32149200
frame,inst1,1,1429,30988800
frame,inst1,1,1430,31620100
frame,inst1,1,1431,27404900
frame,inst1,1,1432,24824800
frame,inst1,1,1433,31940600
frame,inst1,1,1434,29611500
frame,inst1,1,1435,28128800
frame,inst1,1,1436,31180300
frame,inst1,1,1437,29061700
frame,inst1,1,1438,30869300
frame,inst1,1,1439,29057200
frame,inst1,1,1440,27591600
frame,inst1,1,1441,24293500
frame,inst1,1,1442,31041800
frame,inst1,1,1443,26716400
frame,inst1,1,1444,29583500
frame,inst1,1,1445,28338600
frame,inst1,1,1446,23589100
frame,inst1,1,1447,25669400
frame,inst1,1,1448,28452800
frame,inst1,1,1449,28295400
frame,inst1,1,1450,27004500
frame,inst1,1,1451,30982000
frame,inst1,1,1452,26143100
frame,inst1,1,1453,28200100
frame,inst1,1,1454,27761400
frame,inst1,1,1455,26596200
frame,inst1,1,1456,24187300
frame,inst1,1,1457,27265000
frame,inst1,1,1458,30865300
frame,inst1,1,1459,25467300
frame,inst1,1,1460,29207000
frame,inst1,1,1461,27802500
frame,inst1,1,1462,25278700
frame,inst1,1,1463,30924100
frame,inst1,1,1464,24132900
frame,inst1,1,1465,23944900
frame,inst1,1,1466,27169000
frame,inst1,1,1467,23465800
frame,inst1,1,1468,27724100
frame,inst1,1,1469,27789000
frame,inst1,1,1470,25115000
frame,inst1,1,1471,28667900
frame,inst1,1,1472,23666600
frame,inst1,1,1473,32208800
frame,inst1,1,1474,21861200
frame,inst1,1,1475,28577200
frame,inst1,1,1476,40075200
frame,inst1,1,1477,30249300
frame,inst1,1,1478,27907300
frame,inst1,1,1479,32143700
frame,inst1,1,1480,29201300
frame,inst1,1,1481,27543200
frame,inst1,1,1482,25160200
frame,inst1,1,1483,24128400
frame,inst1,1,1484,29719500
frame,inst1,1,1485,25665200
frame,inst1,1,1486,25909500
frame,inst1,1,1487,26064900
frame,inst1,1,1488,26316800
frame,inst1,1,1489,25485400
frame,inst1,1,1490,25058700
frame,inst1,1,1491,24690800
frame,inst1,1,1492,24101100
frame,inst1,1,1493,25347400
frame,inst1,1,1494,31044600
frame,inst1,1,1495,23394500
frame,inst1,1,1496,25131100
frame,inst1,1,1497,29297900
frame,inst1,1,1498,28436600
frame,inst1,1,1499,25048700
frame,inst1,1,1500,25703300
frame,inst1,1,1501,29190300
frame,inst1,1,1502,24825400
frame,inst1,1,1503,24354800
frame,inst1,1,1504,26728500
frame,inst1,1,1505,24371500
frame,inst1,1,1506,24500000
frame,inst1,1,1507,25879200
frame,inst1,1,1508,23729400
frame,inst1,1,1509,25393900
frame,inst1,1,1510,29198000
frame,inst1,1,1511,24943400
frame,inst1,1,1512,25505900
frame,inst1,1,1513,31652000
frame,inst1,1,1514,28305800
frame,inst1,1,1515,26735800
frame,inst1,1,1516,29510100
frame,inst1,1,1517,24894600
frame,inst1,1,1518,25918200
frame,inst1,1,1519,23546700
frame,inst1,1,1520,27907300
frame,inst1,1,1521,24354400
frame,inst1,1,1522,29966400
frame,inst2,2,0,59197200
frame,inst2,2,1,25265000
frame,inst2,2,2,22389900
frame,inst2,2,3,26446500
frame,inst2,2,4,29599000
frame,inst2,2,5,25631600
frame,inst2,2,6,29474700
frame,inst2,2,7,25039000
frame,inst2,2,8,23093600
frame,inst2,2,9,23610600
frame,inst2,2,10,20145800
frame,inst2,2,11,17641500
frame,inst2,2,12,17391700
frame,inst2,2,13,19265300
frame,inst2,2,14,20823900
frame,inst2,2,15,21830000
frame,inst2,2,16,19523900
frame,inst2,2,17,21539900
frame,inst2,2,18,20619400
frame,inst2,2,19,20511400
frame,inst2,2,20,20971400
frame,inst2,2,21,21044700
frame,inst2,2,22,22309100
frame,inst2,2,23,24979900
frame,inst2,2,24,23912100
frame,inst2,2,25,23911500
frame,inst2,2,26,21463100
frame,inst2,2,27,22159000
frame,inst2,2,28,23238100
frame,inst2,2,29,21599800
frame,inst2,2,30,22810400
frame,inst2,2,31,21605700
frame,inst2,2,32,22881900
frame,inst2,2,33,22375500
frame,inst2,2,34,18488200
frame,inst2,2,35,18608900
frame,inst2,2,36,22683400
frame,inst2,2,37,20373300
frame,inst2,2,38,22179700
frame,inst2,2,39,22840200
frame,inst2,2,40,20666100
frame,inst2,2,41,24843200
frame,inst2,2,42,26049900
frame,inst2,2,43,22547600
frame,inst2,2,44,21034900
frame,inst2,2,45,21246700
frame,inst2,2,46,25001200
frame,inst2,2,47,23864800
frame,inst2,2,48,37627800
frame,inst2,2,49,33637300
frame,inst2,2,50,25066100
frame,inst2,2,51,21699500
frame,inst2,2,52,23332900
frame,inst2,2,53,27433700
frame,inst2,2,54,27723400
frame,inst2,2,55,23565300
frame,inst2,2,56,25600000
frame,inst2,2,57,29107300
frame,inst2,2,58,38057300
frame,inst2,2,59,48460700
frame,inst2,2,60,38758900
frame,inst2,2,61,59163300
frame,inst2,2,62,54820400
frame,inst2,2,63,57688500
frame,inst2,2,64,51261500
frame,inst2,2,65,53722100
frame,inst2,2,66,39024900
frame,inst2,2,67,42971200
frame,inst2,2,68,32070100
frame,inst2,2,69,47471300
frame,inst2,2,70,64745900
frame,inst2,2,71,65911900
frame,inst2,2,72,78354100
frame,inst2,2,73,80533500
frame,inst2,2,74,67268800
frame,inst2,2,75,89035400
frame,inst2,2,76,104155000
frame,inst2,2,77,85829600
frame,inst2,2,78,57604400
frame,inst2,2,79,57911600
frame,inst2,2,80,98534500
frame,inst2,2,81,109439000
frame,inst2,2,82,109481700
frame,inst2,2,83,109955300
frame,inst2,2,84,116902300
frame,inst2,2,85,113370300
frame,inst2,2,86,96255800
frame,inst2,2,87,103858100
frame,inst2,2,88,117318300
frame,inst2,2,89,94960500
frame,inst2,2,90,111441700
frame,inst2,2,91,109983800
frame,inst2,2,92,104708400
frame,inst2,2,93,116847600
frame,inst2,2,94,112830100
frame,inst2,2,95,104967500
frame,inst2,2,96,114478700
frame,inst2,2,97,122058900
frame,inst2,2,98,113369300
frame,inst2,2,99,99214500
frame,inst2,2,100,99104400
frame,inst2,2,101,105550400
frame,inst2,2,102,91997400
frame,inst2,2,103,113722700
frame,inst2,2,104,104671800
frame,inst2,2,105,110302200
frame,inst2,2,106,109614100
frame,inst2,2,107,122215700
frame,inst2,2,108,92563200
frame,inst2,2,109,121768400
frame,inst2,2,110,115696700
frame,inst2,2,111,121976800
frame,inst2,2,112,114927700
frame,inst2,2,113,108563500
frame,inst2,2,114,128782200
frame,inst2,2,115,120053500
frame,inst2,2,116,114267600
frame,inst2,2,117,106365900
frame,inst2,2,118,114265600
frame,inst2,2,119,127403200
frame,inst2,2,120,113686500
frame,inst2,2,121,133644900
frame,inst2,2,122,112551300
frame,inst2,2,123,116183300
frame,inst2,2,124,110220000
frame,inst2,2,125,121880200
frame,inst2,2,126,129287500
frame,inst2,2,127,123298700
frame,inst2,2,128,128339000
frame,inst2,2,129,123247600
frame,inst2,2,130,111345600
frame,inst2,2,131,122688200
frame,inst2,2,132,77044800
frame,inst2,2,133,106445200
frame,inst2,2,134,112720300
frame,inst2,2,135,135308300
frame,inst2,2,136,113126500
frame,inst2,2,137,128952800
frame,inst2,2,138,124856200
frame,inst2,2,139,127720100
frame,inst2,2,140,124717600
frame,inst2,2,141,118421000
frame,inst2,2,142,123397600
frame,inst2,2,143,123780300
frame,inst2,2,144,104159200
frame,inst2,2,145,121424400
frame,inst2,2,146,113460100
frame,inst2,2,147,139067300
frame,inst2,2,148,106333000
frame,inst2,2,149,110210400
frame,inst2,2,150,112360000
frame,inst2,2,151,118492100
frame,inst2,2,152,113367900
frame,inst2,2,153,122415800
frame,inst2,2,154,118756900
frame,inst2,2,155,108581700
frame,inst2,2,156,118869200
frame,inst2,2,157,106660700
frame,inst2,2,158,122200700
frame,inst2,2,159,102458500
frame,inst2,2,160,122090200
frame,inst2,2,161,125025100
frame,inst2,2,162,120414200
frame,inst2,2,163,129948400
frame,inst2,2,164,110302900
frame,inst2,2,165,126686800
frame,inst2,2,166,114717400
frame,inst2,2,167,128078900
frame,inst2,2,168,111648800
frame,inst2,2,169,121763100
frame,inst2,2,170,129237200
frame,inst2,2,171,125601500
frame,inst2,2,172,117432400
frame,inst2,2,173,129000000
frame,inst2,2,174,116425200
frame,inst2,2,175,121482100
frame,inst2,2,176,124339400
frame,inst2,2,177,112831700
frame,inst2,2,178,135778700
frame,inst2,2,179,123711900
frame,inst2,2,180,115004900
frame,inst2,2,181,129488200
frame,inst2,2,182,130898400
frame,inst2,2,183,127404800
frame,inst2,2,184,129553600
frame,inst2,2,185,133819300
frame,inst2,2,186,141014900
frame,inst2,2,187,148301800
frame,inst2,2,188,144556000
frame,inst2,2,189,145325500
frame,inst2,2,190,156790000
frame,inst2,2,191,135307100
frame,inst2,2,192,174839800
frame,inst2,2,193,151597500
frame,inst2,2,194,152649400
frame,inst2,2,195,149284200
frame,inst2,2,196,143717500
frame,inst2,2,197,152844700
frame,inst2,2,198,160603000
frame,inst2,2,199,127599200
frame,inst2,2,200,126955500
frame,inst2,2,201,149401400
frame,inst2,2,202,142626300
frame,inst2,2,203,130825400
frame,inst2,2,204,150803500
frame,inst2,2,205,127197100
frame,inst2,2,206,144121000
frame,inst2,2,207,137993900
frame,inst2,2,208,142104400
frame,inst2,2,209,135937600
frame,inst2,2,210,133729200
frame,inst2,2,211,112494000
frame,inst2,2,212,136333400
frame,inst2,2,213,124550400
frame,inst2,2,214,117861900
frame,inst2,2,215,129503700
frame,inst2,2,216,109874300
frame,inst2,2,217,129017500
frame,inst2,2,218,126839300
frame,inst2,2,219,120062600
frame,inst2,2,220,124004800
frame,inst2,2,221,128927300
frame,inst2,2,222,148994900
frame,inst2,2,223,124641900
frame,inst2,2,224,106969300
frame,inst2,2,225,116359700
frame,inst2,2,226,116699300
frame,inst2,2,227,110429000
frame,inst2,2,228,109402700
frame,inst2,2,229,117664900
frame,inst2,2,230,100457700
frame,inst2,2,231,122760100
frame,inst2,2,232,128062700
frame,inst2,2,233,123560600
frame,inst2,2,234,122871500
frame,inst2,2,235,112273300
frame,inst2,2,236,113903500
frame,inst2,2,237,105055800
frame,inst2,2,238,102885200
frame,inst2,2,239,106350500
frame,inst2,2,240,125595900
frame,inst2,2,241,112039800
frame,inst2,2,242,140266200
frame,inst2,2,243,117272600
frame,inst2,2,244,117932900
frame,inst2,2,245,99734800
frame,inst2,2,246,111579300
frame,inst2,2,247,125995800
frame,inst2,2,248,131014000
frame,inst2,2,249,113284000
frame,inst2,2,250,98189700
frame,inst2,2,251,122643600
frame,inst2,2,252,112242300
frame,inst2,2,253,120586000
frame,inst2,2,254,112130300
frame,inst2,2,255,120398800
frame,inst2,2,256,114978500
frame,inst2,2,257,119383600
frame,inst2,2,258,130673600
frame,inst2,2,259,132229800
frame,inst2,2,260,123396100
frame,inst2,2,261,138835300
frame,inst2,2,262,127583200
frame,inst2,2,263,144288200
frame,inst2,2,264,134682100
frame,inst2,2,265,156200800
frame,inst2,2,266,145756600
frame,inst2,2,267,161200100
frame,inst2,2,268,145861400
frame,inst2,2,269,152708400
frame,inst2,2,270,145964900
frame,inst2,2,271,126770500
frame,inst2,2,272,152222400
frame,inst2,2,273,129230700
frame,inst2,2,274,143792000
frame,inst2,2,275,124366400
frame,inst2,2,276,141046400
frame,inst2,2,277,137008900
frame,inst2,2,278,129491100
frame,inst2,2,279,123602500
frame,inst2,2,280,150971100
frame,inst2,2,281,142916000
frame,inst2,2,282,146175300
frame,inst2,2,283,129899200
frame,inst2,2,284,128640400
frame,inst2,2,285,133009800
frame,inst2,2,286,113864000
frame,inst2,2,287,143296100
frame,inst2,2,288,116499100
frame,inst2,2,289,114598000
frame,inst2,2,290,117956300
frame,inst2,2,291,113708300
frame,inst2,2,292,117396900
frame,inst2,2,293,118137900
frame,inst2,2,294,114288000
frame,inst2,2,295,119053800
frame,inst2,2,296,113690800
frame,inst2,2,297,119600100
frame,inst2,2,298,113624700
frame,inst2,2,299,122274400
frame,inst2,2,300,115653500
frame,inst2,2,301,108302900
frame,inst2,2,302,128974800
frame,inst2,2,303,107689400
frame,inst2,2,304,116637700
frame,inst2,2,305,111352900
frame,inst2,2,306,100946500
frame,inst2,2,307,102096800
frame,inst2,2,308,115611100
frame,inst2,2,309,98471400
frame,inst2,2,310,118488500
frame,inst2,2,311,116211700
frame,inst2,2,312,112079200
frame,inst2,2,313,121504000
frame,inst2,2,314,123045900
frame,inst2,2,315,112048400
frame,inst2,2,316,105650800
frame,inst2,2,317,103112500
frame,inst2,2,318,116793000
frame,inst2,2,319,129290200
frame,inst2,2,320,123562100
frame,inst2,2,321,119190700
frame,inst2,2,322,113521700
frame,inst2,2,323,137956500
frame,inst2,2,324,111367900
frame,inst2,2,325,115041000
frame,inst2,2,326,117417500
frame,inst2,2,327,121679900
frame,inst2,2,328,120378200
frame,inst2,2,329,115062500
frame,inst2,2,330,120031200
frame,inst2,2,331,130923200
frame,inst2,2,332,117685900
frame,inst2,2,333,122745300
frame,inst2,2,334,141525900
frame,inst2,2,335,119477900
frame,inst2,2,336,124881100
frame,inst2,2,337,101009800
frame,inst2,2,338,129548000
frame,inst2,2,339,119147000
frame,inst2,2,340,122128200
frame,inst2,2,341,132632000
frame,inst2,2,342,125432300
frame,inst2,2,343,130898700
frame,inst2,2,344,139882400
frame,inst2,2,345,137889900
frame,inst2,2,346,136085700
frame,inst2,2,347,151020500
frame,inst2,2,348,133601400
frame,inst2,2,349,155913600
frame,inst2,2,350,154171200
frame,inst2,2,351,168292400
frame,inst2,2,352,156386600
frame,inst2,2,353,150786900
frame,inst2,2,354,136709000
frame,inst2,2,355,150735200
frame,inst2,2,356,141933100
frame,inst2,2,357,138759600
frame,inst2,2,358,137751500
frame,inst2,2,359,146413200
frame,inst2,2,360,125732800
frame,inst2,2,361,141524800
frame,inst2,2,362,128255900
frame,inst2,2,363,144742700
frame,inst2,2,364,138149400
frame,inst2,2,365,130902100
frame,inst2,2,366,136874300
frame,inst2,2,367,132102400
frame,inst2,2,368,127772300
frame,inst2,2,369,125661600
frame,inst2,2,370,116991300
frame,inst2,2,371,128827900
frame,inst2,2,372,120901000
frame,inst2,2,373,125177000
frame,inst2,2,374,122461400
frame,inst2,2,375,114592500
frame,inst2,2,376,118300700
frame,inst2,2,377,106978500
frame,inst2,2,378,109751100
frame,inst2,2,379,122486700
frame,inst2,2,380,118794400
frame,inst2,2,381,118144400
frame,inst2,2,382,113778000
frame,inst2,2,383,126413100
frame,inst2,2,384,123990300
frame,inst2,2,385,107622400
frame,inst2,2,386,116567000
frame,inst2,2,387,112672800
frame,inst2,2,388,103824600
frame,inst2,2,389,113722800
frame,inst2,2,390,122281300
frame,inst2,2,391,120721600
frame,inst2,2,392,113241500
frame,inst2,2,393,97122400
frame,inst2,2,394,113595900
frame,inst2,2,395,118438800
frame,inst2,2,396,124707200
frame,inst2,2,397,108131400
frame,inst2,2,398,132911900
frame,inst2,2,399,115606200
frame,inst2,2,400,108973500
frame,inst2,2,401,125101200
frame,inst2,2,402,115110900
frame,inst2,2,403,116522500
frame,inst2,2,404,122463500
frame,inst2,2,405,124820800
frame,inst2,2,406,108931600
frame,inst2,2,407,122814300
frame,inst2,2,408,124557400
frame,inst2,2,409,133786000
frame,inst2,2,410,117516200
frame,inst2,2,411,127524300
frame,inst2,2,412,113525100
frame,inst2,2,413,117527300
frame,inst2,2,414,120248200
frame,inst2,2,415,127880000
frame,inst2,2,416,125038500
frame,inst2,2,417,128747500
frame,inst2,2,418,135793800
frame,inst2,2,419,139352900
frame,inst2,2,420,135604200
frame,inst2,2,421,141952300
frame,inst2,2,422,136161200
frame,inst2,2,423,133619500
frame,inst2,2,424,156001500
frame,inst2,2,425,137166600
frame,inst2,2,426,155376000
frame,inst2,2,427,149058800
frame,inst2,2,428,142031300
frame,inst2,2,429,140344600
frame,inst2,2,430,137122700
frame,inst2,2,431,151220700
frame,inst2,2,432,138667500
frame,inst2,2,433,141650100
frame,inst2,2,434,141451400
frame,inst2,2,435,133750300
frame,inst2,2,436,152399300
frame,inst2,2,437,170729000
frame,inst2,2,438,156399000
frame,inst2,2,439,157543600
frame,inst2,2,440,148352500
frame,inst2,2,441,169007200
frame,inst2,2,442,133660000
frame,inst2,2,443,129643400
frame,inst2,2,444,120700800
frame,inst2,2,445,123049400
frame,inst2,2,446,122851700
frame,inst2,2,447,115910200
frame,inst2,2,448,123298400
frame,inst2,2,449,122413600
frame,inst2,2,450,133208400
frame,inst2,2,451,129345900
frame,inst2,2,452,129408800
frame,inst2,2,453,105734600
frame,inst2,2,454,137712600
frame,inst2,2,455,117324200
frame,inst2,2,456,141384700
frame,inst2,2,457,130082900
frame,inst2,2,458,122777200
frame,inst2,2,459,120041300
frame,inst2,2,460,114705100
frame,inst2,2,461,122048400
frame,inst2,2,462,105038000
frame,inst2,2,463,100975900
frame,inst2,2,464,117558200
frame,inst2,2,465,119802300
frame,inst2,2,466,113684000
frame,inst2,2,467,117006400
frame,inst2,2,468,109901300
frame,inst2,2,469,121347100
frame,inst2,2,470,101809200
frame,inst2,2,471,117688800
frame,inst2,2,472,115014500
frame,inst2,2,473,107246000
frame,inst2,2,474,108236800
frame,inst2,2,475,106578900
frame,inst2,2,476,107340300
frame,inst2,2,477,102804400
frame,inst2,2,478,110611300
frame,inst2,2,479,111472200
frame,inst2,2,480,104038600
frame,inst2,2,481,94334200
frame,inst2,2,482,116505100
frame,inst2,2,483,114852600
frame,inst2,2,484,119567700
frame,inst2,2,485,125868100
frame,inst2,2,486,109136600
frame,inst2,2,487,112107000
frame,inst2,2,488,126063100
frame,inst2,2,489,109352400
frame,inst2,2,490,126318300
frame,inst2,2,491,114811800
frame,inst2,2,492,125442300
frame,inst2,2,493,117251700
frame,inst2,2,494,106537500
frame,inst2,2,495,123275100
frame,inst2,2,496,131346800
frame,inst2,2,497,124057000
frame,inst2,2,498,136401700
frame,inst2,2,499,109761100
frame,inst2,2,500,118112100
frame,inst2,2,501,114276500
frame,inst2,2,502,134588000
frame,inst2,2,503,134148500
frame,inst2,2,504,162737100
frame,inst2,2,505,138211900
frame,inst2,2,506,153429200
frame,inst2,2,507,154966400
frame,inst2,2,508,151117200
frame,inst2,2,509,135050500
frame,inst2,2,510,140631500
frame,inst2,2,511,137338100
frame,inst2,2,512,128355600
frame,inst2,2,513,146509500
frame,inst2,2,514,135164700
frame,inst2,2,515,140162000
frame,inst2,2,516,149855600
frame,inst2,2,517,134094100
frame,inst2,2,518,143738300
frame,inst2,2,519,148005700
frame,inst2,2,520,144035800
frame,inst2,2,521,139964900
frame,inst2,2,522,133448400
frame,inst2,2,523,149726600
frame,inst2,2,524,138075600
frame,inst2,2,525,126400800
frame,inst2,2,526,118221100
frame,inst2,2,527,130219100
frame,inst2,2,528,114779600
frame,inst2,2,529,120103100
frame,inst2,2,530,122092000
frame,inst2,2,531,121548400
frame,inst2,2,532,120994800
frame,inst2,2,533,114220300
frame,inst2,2,534,119221800
frame,inst2,2,535,108302200
frame,inst2,2,536,115485500
frame,inst2,2,537,112974200
frame,inst2,2,538,123162800
frame,inst2,2,539,125925400
frame,inst2,2,540,112466800
frame,inst2,2,541,115280300
frame,inst2,2,542,113184400
frame,inst2,2,543,107570700
frame,inst2,2,544,109957100
frame,inst2,2,545,108169400
frame,inst3,3,0,112457600
frame,inst3,3,1,31237900
frame,inst3,3,2,35477900
frame,inst3,3,3,27274900
frame,inst3,3,4,28706100
frame,inst3,3,5,31829700
frame,inst3,3,6,24869900
frame,inst3,3,7,24217000
frame,inst3,3,8,27441000
frame,inst3,3,9,29723700
frame,inst3,3,10,30339300
frame,inst3,3,11,33485100
frame,inst3,3,12,27273700
frame,inst3,3,13,30419500
frame,inst3,3,14,30112900
frame,inst3,3,15,31592400
frame,inst3,3,16,27756500
frame,inst3,3,17,26401700
frame,inst3,3,18,30079800
frame,inst3,3,19,25847600
frame,inst3,3,20,34130700
frame,inst3,3,21,79261400
frame,inst3,3,22,49598200
frame,inst3,3,23,87644600
frame,inst3,3,24,114247600
frame,inst3,3,25,132395000
frame,inst3,3,26,116608400
frame,inst3,3,27,131353300
frame,inst3,3,28,120722000
frame,inst3,3,29,107570700
frame,inst3,3,30,109433700
frame,inst3,3,31,132625200
frame,inst3,3,32,115988600
frame,inst3,3,33,133113900
frame,inst3,3,34,113194100
frame,inst3,3,35,126751100
frame,inst3,3,36,129640900
frame,inst3,3,37,121816300
frame,inst3,3,38,120343300
frame,inst3,3,39,113836200
frame,inst3,3,40,141367800
frame,inst3,3,41,128233000
frame,inst3,3,42,116073600
frame,inst3,3,43,133627800
frame,inst3,3,44,104052700
frame,inst3,3,45,129448300
frame,inst3,3,46,115137300
frame,inst3,3,47,134279700
frame,inst3,3,48,101692500
frame,inst3,3,49,137631300
frame,inst3,3,50,114397900
frame,inst3,3,51,124514000
frame,inst3,3,52,123067300
frame,inst3,3,53,129517100
frame,inst3,3,54,122770600
frame,inst3,3,55,136319900
frame,inst3,3,56,123172600
frame,inst3,3,57,94365800
frame,inst3,3,58,136229900
frame,inst3,3,59,139714300
frame,inst3,3,60,120591000
frame,inst3,3,61,126432000
frame,inst3,3,62,124650900
frame,inst3,3,63,123407100
frame,inst3,3,64,126468100
frame,inst3,3,65,133247500
frame,inst3,3,66,127082400
frame,inst3,3,67,140003100
frame,inst3,3,68,124537400
frame,inst3,3,69,125742400
frame,inst3,3,70,133176500
frame,inst3,3,71,81678100
frame,inst3,3,72,139127400
frame,inst3,3,73,132841700
frame,inst3,3,74,128855600
frame,inst3,3,75,127307000
frame,inst3,3,76,122166600
frame,inst3,3,77,135893100
frame,inst3,3,78,130393200
frame,inst3,3,79,124603700
frame,inst3,3,80,130728300
frame,inst3,3,81,134725000
frame,inst3,3,82,130851600
frame,inst3,3,83,125144600
frame,inst3,3,84,127544500
frame,inst3,3,85,126272100
frame,inst3,3,86,127105600
frame,inst3,3,87,123124300
frame,inst3,3,88,122613800
frame,inst3,3,89,134746500
frame,inst3,3,90,116565800
frame,inst3,3,91,131096700
frame,inst3,3,92,126732900
frame,inst3,3,93,147112300
frame,inst3,3,94,135702800
frame,inst3,3,95,131199900
frame,inst3,3,96,135543800
frame,inst3,3,97,127072800
frame,inst3,3,98,120482600
frame,inst3,3,99,132621200
frame,inst3,3,100,110650700
frame,inst3,3,101,128137300
frame,inst3,3,102,127409300
frame,inst3,3,103,134828900
frame,inst3,3,104,127156900
frame,inst3,3,105,124153200
frame,inst3,3,106,133538700
frame,inst3,3,107,139326500
frame,inst3,3,108,129013700
frame,inst3,3,109,133683600
frame,inst3,3,110,128872600
frame,inst3,3,111,125495000
frame,inst3,3,112,124438700
frame,inst3,3,113,141831500
frame,inst3,3,114,133241500
frame,inst3,3,115,138401300
frame,inst3,3,116,160129100
frame,inst3,3,117,122610500
frame,inst3,3,118,142170900
frame,inst3,3,119,136549200
frame,inst3,3,120,169487600
frame,inst3,3,121,126118100
frame,inst3,3,122,164730400
frame,inst3,3,123,174975800
frame,inst3,3,124,158317500
frame,inst3,3,125,168202800
frame,inst3,3,126,161089300
frame,inst3,3,127,187493400
frame,inst3,3,128,154591500
frame,inst3,3,129,162509800
frame,inst3,3,130,156289700
frame,inst3,3,131,156468900
frame,inst3,3,132,159748500
frame,inst3,3,133,138835600
frame,inst3,3,134,131112700
frame,inst3,3,135,156456500
frame,inst3,3,136,131265600
frame,inst3,3,137,158726700
frame,inst3,3,138,128573000
frame,inst3,3,139,170821700
frame,inst3,3,140,124645600
frame,inst3,3,141,131267900
frame,inst3,3,142,153227300
frame,inst3,3,143,133739600
frame,inst3,3,144,149282000
frame,inst3,3,145,146720600
frame,inst3,3,146,159517200
frame,inst3,3,147,142329600
frame,inst3,3,148,113997400
frame,inst3,3,149,117328800
frame,inst3,3,150,160691100
frame,inst3,3,151,119188800
frame,inst3,3,152,106376800
frame,inst3,3,153,145852600
frame,inst3,3,154,137957900
frame,inst3,3,155,121723800
frame,inst3,3,156,138932700
frame,inst3,3,157,104524800
frame,inst3,3,158,124437000
frame,inst3,3,159,112941600
frame,inst3,3,160,100924200
frame,inst3,3,161,123946600
frame,inst3,3,162,115682500
frame,inst3,3,163,123453300
frame,inst3,3,164,136353900
frame,inst3,3,165,138993200
frame,inst3,3,166,41258400
frame,inst3,3,167,26886100
frame,inst3,3,168,22998800
frame,inst3,3,169,22818200
frame,inst3,3,170,25372300
frame,inst3,3,171,25595000
frame,inst3,3,172,28209700
frame,inst3,3,173,24912300
frame,inst3,3,174,22097200
frame,inst3,3,175,24814400
frame,inst3,3,176,24446800
frame,inst3,3,177,25759500
frame,inst3,3,178,26561200
frame,inst3,3,179,24729600
frame,inst3,3,180,23878400
frame,inst3,3,181,28175900
frame,inst3,3,182,23678000
frame,inst3,3,183,28235700
frame,inst3,3,184,26098900
frame,inst3,3,185,23392700
frame,inst3,3,186,26186000
frame,inst3,3,187,27076200
frame,inst3,3,188,24969500
frame,inst3,3,189,25391600
frame,inst3,3,190,23954400
frame,inst3,3,191,23782100
frame,inst3,3,192,29792600
frame,inst3,3,193,26481400
frame,inst3,3,194,27418800
frame,inst3,3,195,25399000
frame,inst3,3,196,27812700
frame,inst3,3,197,24201800
frame,inst3,3,198,25701800
frame,inst3,3,199,23209700
frame,inst3,3,200,24921900
frame,inst3,3,201,26980500
frame,inst3,3,202,26088400
frame,inst3,3,203,30347100
frame,inst3,3,204,31767800
frame,inst3,3,205,23250800
frame,inst3,3,206,27943200
frame,inst3,3,207,25720500
frame,inst3,3,208,27048400
frame,inst3,3,209,26430800
frame,inst3,3,210,26089400
frame,inst3,3,211,25113500
frame,inst3,3,212,30107200
frame,inst3,3,213,22379400
frame,inst3,3,214,23636300
frame,inst3,3,215,26072600
frame,inst3,3,216,26721400
frame,inst3,3,217,25641400
frame,inst3,3,218,24473500
frame,inst3,3,219,28286600
frame,inst3,3,220,30956900
frame,inst3,3,221,28965700
frame,inst3,3,222,22498400
frame,inst3,3,223,24754500
frame,inst3,3,224,30039100
frame,inst3,3,225,26209800
frame,inst3,3,226,23447800
frame,inst3,3,227,24692600
frame,inst3,3,228,25073000
frame,inst3,3,229,29693800
frame,inst3,3,230,28691000
frame,inst3,3,231,22780500
frame,inst3,3,232,29438900
frame,inst3,3,233,29915500
frame,inst3,3,234,29495700
frame,inst3,3,235,25231600
frame,inst3,3,236,34692800
frame,inst3,3,237,133083400
frame,inst3,3,238,117158700
frame,inst3,3,239,130856000
frame,inst3,3,240,116923800
frame,inst3,3,241,134416400
frame,inst3,3,242,124137200
frame,inst3,3,243,124856700
frame,inst3,3,244,143314600
frame,inst3,3,245,142189400
frame,inst3,3,246,148234200
frame,inst3,3,247,146857900
frame,inst3,3,248,158377500
frame,inst3,3,249,134013200
frame,inst3,3,250,174001000
frame,inst3,3,251,163518700
frame,inst3,3,252,143965100
frame,inst3,3,253,153527900
frame,inst3,3,254,154275300
frame,inst3,3,255,155593100
frame,inst3,3,256,133753900
frame,inst3,3,257,150503400
frame,inst3,3,258,145702000
frame,inst3,3,259,147310600
frame,inst3,3,260,162318700
frame,inst3,3,261,161958600
frame,inst3,3,262,145537500
frame,inst3,3,263,139586600
frame,inst3,3,264,145586200
frame,inst3,3,265,165797800
frame,inst3,3,266,146420700
frame,inst3,3,267,149477400
frame,inst3,3,268,129664900
frame,inst3,3,269,151858300
frame,inst3,3,270,114190600
frame,inst3,3,271,144125700
frame,inst3,3,272,129113100
frame,inst3,3,273,134073900
frame,inst3,3,274,130533300
frame,inst3,3,275,120686000
frame,inst3,3,276,130308600
frame,inst3,3,277,122793500
frame,inst3,3,278,100638300
frame,inst3,3,279,124267600
frame,inst3,3,280,117200800
frame,inst3,3,281,138309300
frame,inst3,3,282,120603000
frame,inst3,3,283,132901800
frame,inst3,3,284,127878500
frame,inst3,3,285,125340600
frame,inst3,3,286,136543700
frame,inst3,3,287,120610400
frame,inst3,3,288,106297200
frame,inst3,3,289,127223100
frame,inst3,3,290,112510600
frame,inst3,3,291,127824200
frame,inst3,3,292,123927000
frame,inst3,3,293,127924500
frame,inst3,3,294,113965100
frame,inst3,3,295,142969100
frame,inst3,3,296,117468400
frame,inst3,3,297,139884900
frame,inst3,3,298,124208500
frame,inst3,3,299,126445300
frame,inst3,3,300,136998200
frame,inst3,3,301,131650200
frame,inst3,3,302,126533300
frame,inst3,3,303,118950100
frame,inst3,3,304,132982500
frame,inst3,3,305,120261000
frame,inst3,3,306,146815400
frame,inst3,3,307,131819300
frame,inst3,3,308,131043300
frame,inst3,3,309,126207800
frame,inst3,3,310,126847600
frame,inst3,3,311,146181000
frame,inst3,3,312,108686100
frame,inst3,3,313,147324300
frame,inst3,3,314,149454900
frame,inst3,3,315,116937900
frame,inst3,3,316,134241500
frame,inst3,3,317,109972200
frame,inst3,3,318,151614900
frame,inst3,3,319,124945900
frame,inst3,3,320,147873400
frame,inst3,3,321,148123500
frame,inst3,3,322,166754800
frame,inst3,3,323,142331500
frame,inst3,3,324,146571900
frame,inst3,3,325,162237900
frame,inst3,3,326,171709600
frame,inst3,3,327,187054200
frame,inst3,3,328,166018800
frame,inst3,3,329,141994600
frame,inst3,3,330,150883600
frame,inst3,3,331,155526300
frame,inst3,3,332,146372500
frame,inst3,3,333,139917700
frame,inst3,3,334,144779900
frame,inst3,3,335,165587900
frame,inst3,3,336,150936900
frame,inst3,3,337,167361300
frame,inst3,3,338,159362800
frame,inst3,3,339,150204400
frame,inst3,3,340,163625100
frame,inst3,3,341,166755800
frame,inst3,3,342,167037100
frame,inst3,3,343,143403700
frame,inst3,3,344,167859800
frame,inst3,3,345,145964800
frame,inst3,3,346,138049100
frame,inst3,3,347,136658000
frame,inst3,3,348,142062800
frame,inst3,3,349,137716100
frame,inst3,3,350,128773800
frame,inst3,3,351,140970900
frame,inst3,3,352,132825400
frame,inst3,3,353,137429300
frame,inst3,3,354,129762500
frame,inst3,3,355,124944100
frame,inst3,3,356,121850800
frame,inst3,3,357,106533900
frame,inst3,3,358,134121000
frame,inst3,3,359,142876300
frame,inst3,3,360,118171500
frame,inst3,3,361,137261200
frame,inst3,3,362,129882400
frame,inst3,3,363,130299300
frame,inst3,3,364,126153500
frame,inst3,3,365,116657400
frame,inst3,3,366,128688300
frame,inst3,3,367,114059000
frame,inst3,3,368,112736500
frame,inst3,3,369,125203300
frame,inst3,3,370,135001300
frame,inst3,3,371,117972000
frame,inst3,3,372,121521300
frame,inst3,3,373,136122100
frame,inst3,3,374,121950500
frame,inst3,3,375,139681600
frame,inst3,3,376,128448700
frame,inst3,3,377,133767300
frame,inst3,3,378,135563700
frame,inst3,3,379,104677400
frame,inst3,3,380,127619800
frame,inst3,3,381,142206600
frame,inst3,3,382,132694800
frame,inst3,3,383,138978200
frame,inst3,3,384,143035600
frame,inst3,3,385,143545900
frame,inst3,3,386,127600700
frame,inst3,3,387,127710700
frame,inst3,3,388,132424900
frame,inst3,3,389,135285800
frame,inst3,3,390,122973900
frame,inst3,3,391,162513400
frame,inst3,3,392,146039800
frame,inst3,3,393,150006000
frame,inst3,3,394,149040400
frame,inst3,3,395,149955100
frame,inst3,3,396,153327500
frame,inst3,3,397,168555300
frame,inst3,3,398,161828600
frame,inst3,3,399,162612700
frame,inst3,3,400,152774900
frame,inst3,3,401,135698500
frame,inst3,3,402,139245000
frame,inst3,3,403,160917100
frame,inst3,3,404,162198400
frame,inst3,3,405,148252600
frame,inst3,3,406,149333900
frame,inst3,3,407,156483700
frame,inst3,3,408,175034200
frame,inst3,3,409,160541900
frame,inst3,3,410,170242000
frame,inst3,3,411,158642300
frame,inst3,3,412,155822100
frame,inst3,3,413,150101600
frame,inst3,3,414,142251200
frame,inst3,3,415,123258800
frame,inst3,3,416,106743800
frame,inst3,3,417,152743700
frame,inst3,3,418,116802100
frame,inst3,3,419,129550400
frame,inst3,3,420,127287000
frame,inst3,3,421,135311700
frame,inst3,3,422,114828700
frame,inst3,3,423,136589200
frame,inst3,3,424,103560300
frame,inst3,3,425,136576300
frame,inst3,3,426,128016200
frame,inst3,3,427,125407100
frame,inst3,3,428,119390900
frame,inst3,3,429,136066900
frame,inst3,3,430,121233500
frame,inst3,3,431,150987000
frame,inst3,3,432,122102200
frame,inst3,3,433,108502000
frame,inst3,3,434,117484300
frame,inst3,3,435,122234500
frame,inst3,3,436,127475100
frame,inst3,3,437,124334000
frame,inst3,3,438,110836200
frame,inst3,3,439,144938200
frame,inst3,3,440,113729100
frame,inst3,3,441,125651300
frame,inst3,3,442,122446000
frame,inst3,3,443,124430900
frame,inst3,3,444,114652400
frame,inst3,3,445,124531800
frame,inst3,3,446,132357600
frame,inst3,3,447,130241100
frame,inst3,3,448,123960800
frame,inst3,3,449,121771500
frame,inst3,3,450,118128100
frame,inst3,3,451,126876600
frame,inst3,3,452,118308000
frame,inst3,3,453,134777600
frame,inst3,3,454,126215800
frame,inst3,3,455,133264500
frame,inst3,3,456,139515500
frame,inst3,3,457,144895500
frame,inst3,3,458,125891200
frame,inst3,3,459,134978700
frame,inst3,3,460,121817900
frame,inst3,3,461,138986400
frame,inst3,3,462,128880500
frame,inst3,3,463,139680700
frame,inst3,3,464,132525800
frame,inst3,3,465,118969500
frame,inst3,3,466,127847000
frame,inst3,3,467,133623800
frame,inst3,3,468,125244100
frame,inst3,3,469,171725600
frame,inst3,3,470,174686500
frame,inst3,3,471,157156300
frame,inst3,3,472,151404400
frame,inst3,3,473,179029200
frame,inst3,3,474,161356600
frame,inst3,3,475,132551000
frame,inst3,3,476,151528800
frame,inst3,3,477,150775100
frame,inst3,3,478,157990700
frame,inst3,3,479,147888200
frame,inst3,3,480,131020100
frame,inst3,3,481,147585300
frame,inst3,3,482,146926800
frame,inst3,3,483,167672700
frame,inst3,3,484,159438600
frame,inst3,3,485,149413000
frame,inst3,3,486,156173300
frame,inst3,3,487,144968700
frame,inst3,3,488,140289800
frame,inst3,3,489,148410000
frame,inst3,3,490,164549300
frame,inst3,3,491,133525100
frame,inst3,3,492,120545200
frame,inst3,3,493,147136800
frame,inst3,3,494,130281900
frame,inst3,3,495,141121000
frame,inst3,3,496,133169100
frame,inst3,3,497,132719300
frame,inst3,3,498,136963200
frame,inst3,3,499,119980200
frame,inst3,3,500,135857900
frame,inst3,3,501,125242200
frame,inst3,3,502,131313100
frame,inst3,3,503,114784500
frame,inst3,3,504,128900100
frame,inst3,3,505,119224100
frame,inst3,3,506,136722300
frame,inst3,3,507,108035000
frame,inst3,3,508,114234200
